h3,aeroway,amenity,building,building.area,building.area.average,building.area.ratio,e_0,e_1,e_10,e_11,e_12,e_13,e_14,e_15,e_16,e_17,e_18,e_19,e_2,e_20,e_21,e_22,e_23,e_24,e_25,e_26,e_27,e_28,e_29,e_3,e_30,e_31,e_32,e_33,e_34,e_35,e_36,e_37,e_38,e_39,e_4,e_40,e_41,e_42,e_43,e_44,e_45,e_46,e_47,e_48,e_49,e_5,e_6,e_7,e_8,e_9,healthcare,highway,highway.area,highway.area.ratio,historic,leisure,office,parking.area,parking.area.average,parking.area.ratio,public_transport,railway,route,shop,sport,tourism,water,waterway,actual_mean,actual_std,pred_mean,pred_std,wasserstein_distance
892a30642d3ffff,0.0,0.0,0.5473684210526316,-0.04013743,-0.3914789590449669,-0.04031209636886108,-0.98714954,-1.3614265,-0.46253663,-0.8854573,0.051516492,0.39004427,-1.0556833,-0.7835273,-0.85738695,-1.2087458,-2.132971,0.3416983,0.6844908,0.6927256,0.8748484,0.38155517,-1.1916453,0.5623933,0.2264601,0.05973986,0.21566716,-0.5108927,-0.3518832,1.333817,-0.06700345,0.5557376,-1.1407896,-0.5829235,0.8846106,0.673382,0.67831445,-0.049941525,-0.1868511,-1.4240481,-0.31317502,-0.7698146,-0.043724462,-0.5964447,-0.3624483,1.0698454,0.8178882,-1.9990002,0.852484,1.2776057,0.19412072,-0.037706394,-1.1577916,0.33708736,-0.5542919,-0.23664425,0.0,0.13636363636363635,-0.24190618,-0.2450030304678409,0.0,-0.3333333333333333,0.0,0.0,0.0,0.0,-0.75,0.0,0.0,0.0,0.0,0.0,0.0,0.0,277.145,123.50774661939225,113.2383440873628,0.19132935363994366,170.89096771062538
892a3064da3ffff,0.0,-0.3333333333333333,-0.6526315789473685,-0.4816375,0.9081589311845897,-0.4785551546913959,0.09454251,0.95350397,-0.43112326,0.9058627,-0.46645206,-0.28663033,0.5351683,0.62390804,0.014758211,1.224505,-0.54506797,0.51765704,0.21313082,-0.60304564,-0.39181882,0.00014921086,0.28721467,-0.3841111,-0.9464796,-0.3323622,0.31542382,0.6244057,0.9229664,-0.13948412,0.7133095,-0.5558134,1.2811352,0.8039096,-0.25695744,-0.02737255,-0.12582704,0.5049501,0.10295324,-0.45670542,-0.98278505,0.3751405,-0.44808185,0.17824118,0.66598177,0.29287115,-0.8144972,0.5189305,0.60465217,0.04367698,-0.3465174,0.6033812,0.77799606,0.30314028,0.18407397,0.28781322,0.0,0.5909090909090909,-0.35044536,-0.3484688444805453,0.0,-0.3333333333333333,0.0,0.0,0.0,0.0,1.25,1.0,0.0,1.0,0.0,0.0,1.0,1.0,238.5,129.71374993838134,113.23515387053075,0.1894173968204928,136.53129585203848
892a3066c83ffff,0.0,0.3333333333333333,-0.6842105263157895,-0.29592866,1.4042803297784878,-0.29488075151366494,-1.1482896,0.13217802,0.0059975805,0.160838,-1.3063409,-0.74268013,0.056354698,0.68775684,-0.23824084,0.49257502,-0.23555525,0.60333914,0.3125279,-0.66556615,-0.32407495,-0.49403593,0.40895617,-0.06820628,-0.6996769,0.14284107,0.961518,0.5601434,0.11698676,0.24943075,0.080701336,-0.8727035,0.50518537,0.78909725,0.11722374,0.29824463,0.22826825,1.0655788,1.4155271,-1.2966365,-0.41867536,-0.6534582,0.38178247,-0.32688218,0.37130266,-0.3153328,0.11839923,-0.6958973,1.0778341,0.5306077,0.19787106,0.20492238,1.4780864,0.60779506,-0.41671297,-0.2424315,0.0,1.4318181818181819,-1.0652295,-1.064930985938009,1.0,2.0,0.0,0.4570007,1.4449519736587915,0.4568333233919993,0.5,1.0,0.0,0.0,3.0,0.0,0.0,0.0,228.01304347826087,119.39002690978776,113.23746316207222,0.1899754326416076,129.71726945951494
892a3064137ffff,0.0,-0.16666666666666666,-0.23157894736842105,-0.35957903,0.18560962793379934,-0.3577247141689549,-0.82898325,-0.77345955,1.1167727,-1.1145991,0.22962727,-1.4172544,-1.018635,-0.6113576,0.67339617,-1.1381999,-0.5459215,-0.774089,-0.021025715,1.4080741,0.7597344,-0.21334918,-0.9313169,0.037414595,0.99155366,0.9434028,-0.027742552,-0.3125559,-0.73253113,-0.11223491,-1.7276366,0.27981085,-1.4200774,-0.6146664,0.6708605,1.0224613,1.327971,1.2967736,1.1103289,0.32701623,0.669822,-1.1948286,1.1978499,-0.8406606,-1.6407274,-0.97024965,1.3565558,-0.06347777,0.3589694,0.033283588,0.62327355,-0.33090243,-0.5409412,-0.043585964,0.29701665,-0.96652454,0.0,0.5681818181818182,-0.27004716,-0.27040355320614773,0.0,0.3333333333333333,0.0,0.0,0.0,0.0,-0.75,0.0,0.0,0.0,0.0,0.0,0.0,1.0,194.5,124.16587878537909,113.23874927257312,0.18966474824801005,108.49172371858901
892a30659a3ffff,0.0,0.0,0.031578947368421054,-0.7484591,-0.7349302917465697,-0.7454899116792449,0.13191053,-0.19418196,0.57062584,-0.23677255,0.28641516,-0.3527269,-0.11435108,-0.2619402,0.2493632,-0.43056402,0.09465944,-0.7620045,-0.39993834,1.214375,-0.04308315,-0.012008265,-0.8285724,-0.059456665,1.0613849,0.23610722,-0.54921246,-0.90553963,-0.23143807,-0.307017,-1.0503588,0.16077489,-0.7893878,-0.24497668,0.10643177,0.559314,0.8988863,0.38283548,0.13134977,1.131996,0.49409333,-0.0695659,0.23927915,-0.49316633,-1.0578139,-0.7460394,0.6275075,0.7038893,-0.528095,-1.2719027,0.19678764,-0.1920479,-1.0843575,-0.21409044,0.26523998,-0.2572274,0.0,0.3181818181818182,0.737083,0.7365385073845536,0.0,0.0,0.0,0.0,0.0,0.0,-0.25,1.0,0.0,0.0,0.0,0.0,0.0,0.0,197.82142857142858,108.77712586865356,113.2360873642582,0.19347963415223304,106.79450675134312
892a3065597ffff,0.0,0.16666666666666666,0.6421052631578947,0.036036156,-0.399046400297793,0.03518535570515227,0.28721434,0.75462234,0.21526591,1.0116843,-0.36113322,0.112084545,0.67829794,0.36771902,0.4196443,1.046966,-0.24195479,0.532446,-0.16750646,-0.07092671,-0.34341407,0.1055888,0.17899416,-0.65038174,-0.49275544,-0.4638142,0.3143245,0.7057947,0.9480337,-0.3419752,0.5665849,-0.12578176,1.0137863,0.49230787,-0.76732725,0.018627798,0.022331228,0.06253354,-0.27597225,0.06385742,-0.7103445,0.62214667,-0.8710452,0.35674688,0.39903,0.53645957,-0.87814635,0.90243065,0.79322416,-0.39862198,-0.60695076,0.3960093,0.89892113,-0.07040821,0.26637074,0.5266061,0.0,-0.4318181818181818,-0.33720863,-0.3408388209610162,0.0,0.6666666666666666,0.0,0.0,0.0,0.0,-0.25,0.0,0.0,0.0,1.0,0.0,0.0,0.0,182.3037037037037,124.31393051310023,113.24166740494282,0.18891954328354865,99.9943028865297
892a306411bffff,0.0,1.6666666666666667,-0.21052631578947367,0.17256734,0.974830226055233,0.173270380793977,-0.50284624,-1.5101683,-0.4254051,0.08335408,-0.25413674,-0.22018068,0.05174101,0.92709374,-1.1499972,-0.45987782,0.6721967,-0.1805599,-0.07089028,0.67119133,-1.5183613,-0.1709724,-0.91825694,0.82803476,1.6321338,-0.063994214,-0.24269319,-0.82229203,0.10849687,0.53062975,-0.81217307,-0.50972503,-0.5217472,-0.08430093,-0.27733964,0.98135155,0.7933354,0.40066463,-0.16872774,0.15108721,0.27552146,0.06136988,0.6269311,-0.85853225,1.703863,-0.41581142,0.528836,-0.27237,-0.93011606,-0.9514618,0.7449852,0.47513637,-1.6315825,0.28573704,-1.0060775,-0.59007794,0.0,1.1136363636363635,0.0044619148,0.00274951105431275,0.0,-0.3333333333333333,1.0,3.563826,5.634080269880604,3.5631660286967595,0.0,0.0,0.0,5.0,0.0,0.0,0.0,0.0,190.90400000000002,108.44917143067529,113.23645158763195,0.1904293569835417,97.77607165414388
892a3064147ffff,0.0,-0.3333333333333333,-0.22105263157894736,-0.8404519,-0.5830019282360721,-0.8382213545130693,-0.07745895,0.20941968,0.16757318,-0.80088854,0.34267637,-1.1171174,-0.8901278,-0.96656656,0.5668138,-0.77621216,-0.9679349,-0.591405,0.34245986,1.8597505,1.4163859,-0.2890213,-1.2380781,0.5997086,0.37860885,0.8424485,-0.41259158,-0.17558996,-0.46350822,-0.34057745,-1.3408289,0.100363344,-0.6722223,0.33238378,1.2281651,0.70391655,1.0411972,0.8921428,0.6245614,0.98018724,0.15629962,-0.5230276,1.32313,-0.50425106,-1.54607,-0.9096386,0.9123073,-0.4603233,-0.043149654,-0.7530712,0.21852364,-0.54916877,-0.39288628,-0.42115355,0.5073931,-0.5945369,0.0,0.7045454545454546,-0.026499432,-0.028018567701110483,0.0,-0.3333333333333333,0.0,0.0,0.0,0.0,-0.75,0.0,0.0,0.0,0.0,0.0,0.0,0.0,185.57608695652175,100.58932259176765,113.23737404785655,0.1920634555447074,89.04388918602825
892a3066c47ffff,0.0,0.3333333333333333,1.1789473684210525,0.29023036,-0.5834564103970964,0.2904478058955101,0.03784222,0.96190166,-0.5898553,0.7347802,-0.3526699,-0.80401105,0.44155732,0.28463438,-0.17217949,1.0322193,-0.35123625,0.56204224,0.46182227,-0.2963406,-0.3090702,0.06463767,0.03856967,-0.08437959,-0.58121115,-0.03571044,-0.012936537,0.42277485,0.7962127,-0.28190666,0.48475486,-0.56843704,1.0954748,0.6375618,-0.08128246,0.0955423,-0.0020076467,0.7584684,-0.152153,-0.40722188,-0.9569368,0.49587324,-0.4686557,-0.06781709,0.56312966,0.12075785,-0.64647007,0.592527,0.20267563,-0.16500443,-0.310825,0.8654509,0.18085606,0.26169896,0.05782435,0.19195826,0.0,0.38636363636363635,1.0281423,1.023428099621562,1.0,0.0,0.0,1.5166386,2.3976658325697153,1.516165571454949,0.25,0.0,0.0,0.0,0.0,0.0,0.0,0.0,181.40322580645162,97.614543085814,113.23694116744609,0.18968642232117552,82.7634003899553
892a3064da7ffff,0.0,0.6666666666666666,-1.0842105263157895,-0.8382223,1.6870885093733239,-0.8348463362936313,-0.33212224,0.5344347,0.17959748,0.48513576,-0.5722531,-0.307724,0.06137707,0.39396605,0.08664665,0.8386533,0.14332993,0.5393446,-0.17367052,-0.65817076,-0.34112954,-0.12541388,0.5719231,-0.6231024,-0.5415708,0.0003757998,0.49675205,0.6423974,0.25332096,-0.042653125,0.21299466,-0.25674045,0.63465136,0.2891411,-0.23806974,0.2138963,-0.20563349,0.56151754,0.58882844,-0.6238201,-0.39734265,-0.23874588,-0.12769131,0.03889399,0.12331621,0.0798411,-0.2646289,0.2865542,0.55551255,0.13798861,0.15069254,0.019752404,0.9261433,-0.008898135,-0.22598577,0.058153283,0.0,0.8636363636363636,-0.65930456,-0.6567040186493961,0.0,0.0,0.0,1.7874601,1.1303238511089977,1.7887140193567073,1.5,13.0,0.0,1.0,0.0,1.0,1.0,3.0,163.23999999999998,109.23162423645147,113.23802846042011,0.19021003473512113,82.54612947161836
892a306550bffff,0.0,-0.3333333333333333,-0.45263157894736844,-0.7859205,-0.1448646210373819,-0.7848403446845288,0.14793292,-0.42095354,1.2773732,0.57674015,-0.38912016,0.2985164,0.45981938,0.7634734,1.7524157,-0.4705603,0.57173395,0.5109718,-1.0734462,0.40499914,0.8755663,0.009905224,0.5735835,-0.8779951,0.46711913,0.2381323,-0.02047966,1.423472,0.124289,-0.31051937,-0.500937,0.31003404,-0.3085682,0.16768587,-0.59757847,0.04703438,0.22345412,0.2549825,0.34739473,2.0588884,0.6161643,0.1724543,-0.5086425,0.51773167,0.12473661,-0.02740009,-0.39868388,0.03610496,0.283126,-0.94793504,-0.0604595,-0.74423665,0.9534903,-0.76636416,0.11425687,0.042622734,0.0,-0.36363636363636365,0.3262116,0.32073353885128936,0.0,-0.3333333333333333,0.0,0.0,0.0,0.0,-0.75,0.0,0.0,0.0,0.0,0.0,0.0,0.0,162.54444444444442,103.64043255052181,113.24011761942594,0.18971199187000318,82.40775679705501
892a3064507ffff,0.0,0.16666666666666666,-0.23157894736842105,-0.4501232,0.04340207198981914,-0.4488354177043875,0.5951983,-0.5756487,0.35248816,0.027785694,0.10187551,0.6280851,-0.63751286,0.9563537,-0.03754018,0.5957515,0.8540823,-0.7101557,-1.3275695,0.10492793,-1.266915,0.5161979,0.43850842,-0.25091562,0.0007849181,-0.23742308,0.7599035,-1.4944371,0.11483735,-0.3367633,0.17538704,-0.2381062,0.0014344914,0.12131493,-0.31962147,-0.79124737,0.2502316,-1.7895813,0.698993,0.5654337,0.39788604,0.27045482,-0.32968152,0.15154004,0.15417951,-0.45727238,0.29131684,0.81787115,-0.13874802,-0.20532393,0.44379082,-0.9814672,0.6657104,0.35224748,0.87951386,0.846036,0.0,0.0,0.10705724,0.10437136786219864,1.0,1.0,0.0,0.0,0.0,0.0,0.25,0.0,0.0,1.0,0.0,0.0,0.0,0.0,174.24806201550388,98.23370575243824,113.23656254814334,0.19133886819642185,80.8616771647618
892a3064adbffff,0.0,3.1666666666666665,-0.5684210526315789,-0.7609591,0.12749258927856827,-0.7582632253465669,0.37776265,-0.7507256,0.6606462,0.019597251,0.7061906,0.46311903,0.15592627,-0.743851,2.1366258,-0.46924403,2.2559395,0.23709846,-0.8380079,2.1152985,0.563309,-0.0740912,1.0197152,0.8035287,1.5180262,1.5937557,-0.92288685,1.2138304,-0.6250509,-0.59913844,-1.1246452,0.72070533,-0.9838544,0.8074929,-1.606112,0.30903047,0.5693043,-0.8691365,-1.6872619,1.411557,0.84404814,0.9391782,-1.6520908,-0.44747636,-0.9090313,0.6954256,-0.7705025,0.48322544,0.27944288,-0.9966294,0.9848288,-1.1035336,0.5439839,-1.7374448,0.49939412,0.53102535,0.0,2.6136363636363638,-0.10817554,-0.108013577776861,0.0,-0.3333333333333333,0.0,0.6032673,0.1003905254364336,0.6034208754096653,1.5,6.0,0.0,0.0,0.0,0.0,0.0,0.0,148.3144927536232,101.97432367273056,113.23785974525711,0.19204924575249568,80.62252314345315
892a3066b9bffff,0.0,0.6666666666666666,-0.24210526315789474,0.5454772,1.6345630056482583,0.5465857799816491,-0.05879629,0.05078705,-0.73439234,-0.437663,1.1555628,1.9332664,-0.37169108,0.7617879,-0.39394903,-0.10574941,-0.5415092,-1.4188236,-0.20899136,-0.34028706,-1.0630957,-0.18672107,0.26297668,-0.024548873,-0.46037033,-0.34438267,0.24471492,-1.486508,-0.28235853,0.8818539,0.25033516,0.2228269,0.27002877,-0.022117725,0.11282115,-0.6110772,0.0031688502,-0.59817296,0.62859523,-0.30051786,0.2582177,0.5558525,-0.187357,-0.2546746,-0.082518235,-0.44887796,-0.20371199,0.50366026,-0.2557237,0.35336128,0.5717806,-1.1004288,-0.4167049,0.28982157,0.9095895,-0.30336776,0.0,0.36363636363636365,0.5549272,0.5534375943862899,0.0,-0.3333333333333333,0.0,0.0,0.0,0.0,0.0,6.0,0.0,1.0,0.0,0.0,0.0,0.0,146.8,120.5568824446033,113.23669904607665,0.1898296548042193,80.59764464754902
892a3066e87ffff,0.0,0.16666666666666666,0.4,1.1828766,1.1459258768874494,1.1814379550395295,0.42309785,0.26059312,-0.30084294,0.027627366,0.95671755,1.0102767,-0.12339931,-0.3048216,-0.77925193,-0.2206506,1.0569746,-0.81779003,0.7378248,-0.23855448,-0.055084366,1.388354,-0.066829406,1.1792991,0.3617763,-0.86516905,-0.21892202,-0.6271576,0.04942194,0.0042573526,0.43616217,1.0019976,0.0071509276,-1.2767493,-0.3908387,-0.26828158,-0.3436431,-0.8365133,-0.6824647,0.09091549,-0.3315547,0.623676,0.34915185,0.4189347,0.34273443,0.7016916,-0.05030981,-0.33940956,-0.40690935,0.44290245,-0.019567912,0.16360478,-0.99341094,-1.025526,-0.52362293,1.0127326,0.0,0.09090909090909091,1.5587602,1.5523653329164497,0.0,0.0,0.0,2.6287422,8.311598298701735,2.627738422765533,-0.5,0.0,0.0,1.0,0.0,0.0,0.0,0.0,174.396,85.63702227424773,113.24088636803934,0.19022175048527926,79.51401124466484
892a3066323ffff,0.0,1.3333333333333333,1.9473684210526316,0.694298,-0.7302488615729413,0.6931231564412776,-2.0519874,-0.5426599,-0.25929996,-0.18756287,-2.2591097,0.24855688,0.95933324,2.0494108,-1.8832659,-0.6244661,0.003456777,0.8511439,0.7577967,0.080528334,-1.2120513,-0.4874726,-0.7075769,1.9646293,1.0157723,-1.0456138,-0.37677756,-0.25052342,0.27812183,1.6922982,-1.2480583,-1.3568367,-0.6318149,1.6844147,0.52872026,1.8335463,1.4310755,2.1484473,-0.391832,-0.66306865,0.55266744,-0.32967806,0.77127737,-1.4254397,1.6706549,-1.2246677,0.6255828,-0.569214,0.032842584,-2.018912,-0.27158892,1.17675,-0.5287917,1.0210389,-0.8630315,-1.1747196,0.0,4.045454545454546,1.1294789,1.1232383450403274,0.0,1.6666666666666667,0.0,1.0426931,3.296803301889031,1.042096149135108,0.0,0.0,0.0,2.0,0.0,2.0,0.0,0.0,126.6529411764706,112.61769330034538,113.23797660189285,0.19360051636077863,79.21470913682859
892a3064e73ffff,0.0,-0.16666666666666666,0.8315789473684211,-0.103528075,-0.6915903384943093,-0.1016414574862501,-0.5658274,-0.08077022,0.4226828,0.27764666,-0.73474526,0.32852116,1.0054334,0.60628414,-0.45756283,-0.3057958,0.023545064,0.21001542,0.1800906,0.99471945,-0.5882416,-0.109275036,-0.9389103,0.80367464,1.2446771,-0.6999498,-0.7050386,-0.21516287,0.5254487,0.42278293,-0.89943355,-0.19876379,-0.39989433,0.6270651,-0.4301645,1.1058095,1.16037,0.8617115,-0.93456584,0.7176102,0.28101176,0.5474361,-0.3155122,-0.67248935,0.47827402,-0.38889417,-0.010386671,0.7271553,0.0017065323,-2.01967,-0.6307967,0.7770817,-0.7792091,0.11245461,-0.019020481,-0.33516595,0.0,0.4772727272727273,0.3197759,0.31885961583570205,0.0,-0.3333333333333333,0.0,0.0,0.0,0.0,-0.5,0.0,0.0,0.0,0.0,0.0,0.0,0.0,161.8689655172414,106.08128504529381,113.2398405692259,0.18957734796584907,78.96691244485388
892a306485bffff,0.0,-0.3333333333333333,0.21052631578947367,-0.53488505,-0.6364751580430776,-0.5321916962973212,0.49827006,-0.3351631,0.48259586,0.27709648,0.46072093,0.22990412,-0.18668266,-0.06176986,0.6737712,-0.94684297,0.21579508,-1.0156225,-0.108749025,1.0054111,0.4432568,0.27290517,-0.6909607,0.23253429,0.73668575,-0.72965187,0.3314642,0.19809563,0.16705237,-0.18997361,-0.44829422,1.2818178,-0.3980691,-0.92900586,-0.4081962,0.3840084,0.42969468,0.17828979,-0.05682718,0.7151544,0.13908954,-0.10341361,1.2169185,0.6824358,-0.025461806,0.22915798,0.18769702,-0.44544262,0.3621921,0.0064790123,0.14005448,-0.11562961,-0.3523221,-1.3983036,-0.15995963,0.432175,0.0,-0.3409090909090909,-0.35759708,-0.35648576628865564,0.0,-0.3333333333333333,0.0,0.0,0.0,0.0,-0.75,0.0,0.0,0.0,0.0,0.0,0.0,0.0,109.82222222222221,104.01093009990302,113.23953627752108,0.18962399567839316,78.8147963503269
892a30663abffff,0.0,16.666666666666668,0.0,2.1926093,3.3491556720718525,2.188296882206723,0.770831,0.55546486,-0.7177307,-0.7513668,0.32589805,0.5818371,-1.9515196,-3.8536408,-0.3110095,0.17412212,-0.2989455,0.43548033,-1.392251,-0.02579685,0.5444149,-2.5040524,-0.021288922,-2.7364736,-0.3964877,2.3176804,0.9542055,-0.3716527,-2.6844797,1.8558036,-0.51112837,0.4360656,-0.16263136,0.2142856,1.6822017,0.6341268,-0.989402,-1.8323897,0.26074967,-1.1123352,0.85977376,-0.8794426,-0.55035514,-1.1818081,-2.6662147,0.5211924,-0.027161114,-0.99015665,-1.2232206,0.2769947,1.1600951,-2.3397338,-1.7688675,0.12023057,-1.4283895,-1.9848113,0.0,5.9772727272727275,1.7956518,1.7871344147277168,2.0,1.6666666666666667,3.0,10.087218,0.9664824990011927,10.0806059270214,4.25,35.0,0.0,11.0,0.0,7.0,0.0,0.0,145.55692307692308,106.68883867689652,113.2376495396413,0.1929932741736641,78.26685935153998
892a3066c53ffff,0.0,0.5,0.42105263157894735,1.1979802,1.127989185675233,1.1964404880218074,-0.34930974,0.352891,-0.079539366,-0.81793123,0.67386127,-1.0965928,-1.0741438,-0.8592047,0.37740076,-0.31305048,-1.7738624,-0.34174627,1.588802,0.6271905,1.3649611,0.9068732,-0.59818286,1.2466495,-0.982654,0.16581249,0.8848714,0.43750498,0.50035274,0.052560344,0.23537685,0.42363635,0.35091925,-0.18372199,0.6679887,-0.23192394,0.8469901,-0.044277366,0.028724933,-1.0918504,-0.98746836,0.09654382,0.36879736,-0.033475466,-0.20050713,0.63036865,-0.086817876,-0.45477864,1.8987913,2.4814425,-0.70506626,0.74236876,0.717771,0.45523968,1.3440335,0.24380091,0.0,0.1590909090909091,-0.34701154,-0.348652760134273,0.0,-0.3333333333333333,0.0,0.7149611,2.2605752315522016,0.7146720169679125,-0.5,1.0,0.0,0.0,1.0,1.0,0.0,0.0,138.10444444444443,108.08125534996663,113.23829111558238,0.19150719110874798,77.80441252010053
892a306418fffff,0.0,1.0,-0.5578947368421052,-0.43933958,0.7346187691060543,-0.43770739324237123,-1.4652787,-0.5878108,-0.104442224,-0.58793354,-1.3236889,-0.84421515,-0.48508757,0.6908476,-0.5094452,-0.3483151,-1.4165047,0.6927329,0.68157756,0.40105084,-0.046854686,-0.49848497,-0.5642954,0.81988305,-0.3269994,0.09704842,0.9788342,0.42957526,0.19025809,1.1588374,-0.63813305,-1.0022178,-0.10329885,1.2637802,0.928532,1.0413008,1.2886621,1.1802973,0.45385364,-1.3799825,-0.09229407,-0.70117146,0.6757331,-0.982983,0.74605733,-0.42743325,0.4193522,-0.8445339,1.3910455,0.53643334,-0.19041933,0.60157466,0.7237603,1.2852368,0.105680585,-1.046866,0.0,1.6818181818181819,-0.22603947,-0.22714647584154124,1.0,2.6666666666666665,0.0,4.2532516,6.72399880041875,4.252543710267211,-0.25,20.0,0.0,1.0,3.0,1.0,0.0,2.0,162.67333333333332,97.423340575495,113.23913774372801,0.18857219662315658,77.49600355299368
892a3064bd7ffff,0.0,-0.3333333333333333,-0.3894736842105263,-1.1704196,-0.9196756086848269,-1.166880600485929,0.009325619,-0.14288163,1.5589464,0.49266174,-0.117432505,0.5318261,0.70325065,0.25996462,1.0987204,-0.3673397,0.13740444,0.008081732,-0.9832533,0.37773475,0.26570854,0.24643803,0.073614545,-1.0743214,0.7775181,-0.07552972,-0.012100062,0.5638203,-0.023368094,-0.31405434,-0.46659315,0.4519541,-0.43227443,-0.47489908,-0.6218836,0.34649298,0.1855302,-0.05855529,0.148554,1.2402948,0.48942274,-0.12836449,-0.48388243,0.38617325,-0.59258413,-0.10154559,-0.114286676,0.74161214,0.29039782,-1.0066462,-0.32029623,-0.4438932,0.38239563,-0.4217064,-0.17700894,-0.109881975,0.0,-0.13636363636363635,-0.5695252,-0.567148800244257,0.0,-0.3333333333333333,0.0,0.0,0.0,0.0,0.75,0.0,0.0,0.0,0.0,0.0,0.0,0.0,148.13181818181818,105.73667286047592,113.23873707286499,0.19200353228343545,76.97846256042072
892a306558fffff,0.0,-0.16666666666666666,-0.3684210526315789,-0.6484488,-0.050317901642163404,-0.647706536720926,0.54553795,0.44602934,1.1387311,0.6322002,0.2523708,0.40602353,0.5185383,-0.11179321,1.1654907,0.09285174,-0.0057268753,-0.29119575,-0.7338216,0.37812304,0.43307325,0.37634125,0.04270819,-1.1635822,0.20260893,-0.20832242,-0.019695414,0.40961286,0.17659664,-0.6723753,-0.06916894,0.57947683,-0.006219854,-0.5173137,-0.5752781,0.066354886,0.023022633,-0.055587314,0.13679862,1.1745031,0.03474588,0.053387243,-0.37968096,0.61362433,-1.0101439,0.13659033,-0.25479564,0.8271073,0.32269725,-0.75577974,-0.35350943,-0.38723466,0.35344785,-0.731581,0.07175434,0.36128202,0.0,-0.36363636363636365,-0.83937687,-0.8413416269663496,0.0,1.0,0.0,0.0,0.0,0.0,-0.25,0.0,0.0,0.0,2.0,0.0,0.0,0.0,161.1578947368421,98.06091187457481,113.2387828082137,0.19135839183285028,76.65362123250628
892a306696fffff,0.0,0.16666666666666666,-0.29473684210526313,-0.50052583,0.06932072427150096,-0.49773399040007454,-1.0069404,-0.90285206,-0.041526366,-0.40706924,-0.74301517,-1.292024,-1.1754944,0.7789703,0.0875847,-0.6873107,-1.1385381,-0.062303994,-0.2932309,0.19523138,-0.21036835,-0.3004604,-0.41192907,0.55842716,-0.012149699,-0.19668162,1.4393024,-0.053696174,-0.08290068,0.4745919,-0.38100597,0.3752971,-0.16512418,-0.011605264,0.5377048,0.17812988,0.7025443,0.42153087,1.0459065,-1.9985601,-0.0917927,-1.1161265,0.9478253,0.30516872,1.0898516,-0.15693466,0.5531183,-0.9918169,1.1629001,1.9556481,0.70892894,0.19833954,0.88163376,0.2758725,0.6320971,-0.19321825,0.0,0.6136363636363636,0.3628632,0.3630229674801007,0.0,0.0,0.0,0.0,0.0,0.0,-0.75,0.0,0.0,0.0,0.0,0.0,0.0,0.0,138.646875,106.49907858866374,113.2370375475365,0.18822346953390398,75.7335894551698
892a30646d3ffff,0.0,0.5,0.07368421052631578,-0.05992867,0.136026629531306,-0.06068029379429182,-1.5089942,-0.26899162,-1.119558,-0.6994353,-1.3156008,-1.5016723,-0.80536675,-0.02503974,-1.0919143,-0.4948611,-2.1206272,1.0003613,0.6526446,0.37860772,0.16579242,-1.046284,-0.973665,0.7234432,-0.23448855,0.6322568,0.4307849,-0.22329743,-0.25325876,1.4598255,-0.5987554,-0.81148636,-0.28406098,1.3582935,1.7201968,1.0138028,0.96917063,1.4067125,0.31294993,-2.099159,-0.25859544,-0.88219213,0.1642961,-1.2538742,0.253575,-0.51047844,0.54626495,-1.1547272,0.5011855,0.49123004,0.195816,0.7116182,-0.62809783,1.4815824,0.07762567,-1.2814243,0.0,1.6818181818181819,-0.22023983,-0.22443209352929508,0.0,0.0,0.0,0.73780775,0.7776039820261645,0.7370467736350771,0.0,0.0,0.0,3.0,0.0,0.0,0.0,0.0,149.16923076923075,100.56305625836791,113.23892132736174,0.1916733449740551,75.14457101234703
892a3064db3ffff,0.0,1.3333333333333333,-0.5263157894736842,-0.7613474,0.03968755275084745,-0.75814786285906,-0.24043207,0.17147405,0.03044447,0.45366693,-0.25444454,-0.29902935,0.21629536,0.09268747,0.15852305,0.45807514,-0.43587083,0.6102888,-0.003603691,0.12838161,-0.23160417,-0.4361019,-0.2275186,-0.00121244,-0.06642798,-0.16307637,-0.02793541,0.23404595,0.34913367,0.085054494,-0.1677215,-0.087782845,0.3420729,0.47840327,-0.24812716,0.48452854,0.4223139,0.21422315,-0.18992032,-0.08445428,-0.28207898,0.3188239,-0.20723984,-0.334159,-0.17831199,0.09848402,-0.43268928,0.4232982,0.588553,-0.4411304,-0.57255065,0.3849881,0.11861681,0.30551997,-0.052967384,-0.13350897,0.0,1.1136363636363635,-0.07007376,-0.06867341569514301,0.0,0.3333333333333333,0.0,0.0,0.0,0.0,1.5,0.0,0.0,0.0,0.0,0.0,0.0,0.0,156.3838383838384,101.56983834797852,113.2387121918262,0.18884120177048333,74.57468189987284
892a3064b8fffff,0.0,0.16666666666666666,-0.5789473684210527,-0.48270726,0.7034582819528346,-0.47941327154390506,-0.35841992,0.029006476,0.8529769,0.77554137,-0.38029462,-0.23764591,1.1756334,0.9143711,0.8639106,-0.41904968,-0.3694691,0.9929463,-0.41420004,-0.90072936,0.6115241,0.8739074,0.76919496,-0.7875192,0.21981663,0.50420195,0.1695802,1.4123176,0.17747521,-0.20991318,0.42851317,-0.34046915,0.35048765,-0.26809213,0.0305057,-0.29689544,-0.601343,-0.18528244,0.038625166,0.5920888,-0.12513828,0.09629548,-1.066181,0.6655576,1.0002916,-0.10718028,-0.80119675,0.26890197,0.031437807,0.11727672,-0.68773466,0.3787838,0.67385423,0.6304173,-0.64582324,-0.4462472,0.0,-0.3181818181818182,-0.243761,-0.24150703480222382,0.0,0.0,0.0,0.0,0.0,0.0,-0.25,3.0,0.0,0.0,0.0,0.0,0.0,0.0,151.8864864864865,99.05530576990178,113.23934414436864,0.1892028150267144,74.35602603657476
892a3064b07ffff,0.0,0.3333333333333333,-0.5263157894736842,-0.44164592,0.6507938980586516,-0.4382272417920884,-0.120736584,-0.20179373,-0.21758194,-0.38105863,0.5641648,1.1449339,-0.21470815,0.085151635,-0.5801609,0.14530821,-0.5169302,-0.5173557,0.948726,-0.6943992,0.23317218,1.459325,0.03263402,0.747923,-0.47817844,-0.6777423,-0.09976933,-0.46704605,0.16352701,0.31007844,0.5145767,-0.019232325,0.11830927,-0.65629685,0.051233076,-0.15877564,0.116117105,-0.36505526,-0.057548735,-0.33281016,-0.63323396,0.052967064,0.4612478,0.010161593,0.2853761,0.89100903,0.18880433,-0.90607417,0.44084162,1.2443745,0.076373726,0.032380346,-0.07602634,-0.20549093,-0.46908048,0.48523873,0.0,0.11363636363636363,-0.04997652,-0.04767907633897083,0.0,-0.3333333333333333,0.0,2.4856014,7.859013374440068,2.4877342892740937,0.25,6.0,0.0,2.0,0.0,0.0,0.0,0.0,143.38474576271187,108.44074037965576,113.23755082319035,0.1884833244743072,74.19887744665013
892a3065d67ffff,0.0,-0.3333333333333333,0.6421052631578947,-0.33813217,-0.783476733443042,-0.3359383772883471,0.03446032,0.05584659,0.94615793,0.3714625,-0.15915497,0.35393894,0.6808596,0.07894776,0.4329423,-0.1676245,0.09262456,-0.2250188,-0.42995515,1.047972,-0.15479907,-0.05130874,-0.66993743,-0.26783758,1.0013463,-0.41224018,-0.4955506,-0.100893244,0.27278402,-0.18124993,-0.78137773,0.30351537,-0.4374449,-0.004053377,-0.6107377,0.7667511,0.8087813,0.48653886,-0.37923035,1.173103,0.3318908,0.25473753,-0.27300698,-0.17665584,-0.5822003,-0.21671087,0.041536167,0.94479215,0.089547046,-1.705999,-0.37473583,0.06290908,-0.43284556,-0.44973943,0.11295865,-0.04714295,0.0,-0.06818181818181818,0.14503598,0.14457190219599864,0.0,-0.3333333333333333,0.0,0.0,0.0,0.0,0.0,0.0,0.0,0.0,0.0,0.0,0.0,0.0,157.52079999999998,94.83159667199536,113.24212576161811,0.19180666050653827,74.08089491181137
892a3064b93ffff,0.0,0.3333333333333333,-0.12631578947368421,-0.1495168,0.3241646510312002,-0.14656139666506338,0.62927336,1.2894397,0.34431988,-0.22321995,1.4000107,-0.25403237,-0.21600556,-2.2685895,0.24094504,-0.28644332,0.91239405,-0.62434506,0.53433764,-0.084468946,1.1037033,0.9034547,0.08257396,0.14374971,0.7111225,0.6068505,-0.96941113,-0.33104444,-0.26113057,-0.7778137,-0.049666926,1.7344401,-0.059144627,-1.7230356,-0.21210985,-0.40280464,-0.7194325,-0.8171017,-1.0606873,0.3131795,-0.22228628,0.76272714,-0.38190526,0.19103056,-1.4153908,0.3764533,-0.1790201,0.94677,-0.54979557,0.3537926,0.0047745174,-0.1279609,-0.9311692,-1.3664701,0.062039748,0.71701235,0.0,-0.38636363636363635,-0.96269387,-0.9596819622048949,0.0,-0.3333333333333333,0.0,0.0,0.0,0.0,-0.75,0.0,0.0,0.0,0.0,0.0,0.0,0.0,155.3204081632653,92.15339470109303,113.23597444479344,0.18984213079448173,73.2474834749401
892a3066e97ffff,0.0,-0.16666666666666666,1.0526315789473684,0.9686066,0.10628364455662875,0.9673933140442228,0.9755089,0.50080717,-0.66476566,0.30302942,1.8748479,0.013050179,0.05359761,-1.2981807,-0.26004618,0.699938,0.10444472,-0.43279952,1.3660306,-0.047208767,0.5786973,1.837463,-0.27375266,0.142087,-0.09090985,0.266364,-1.0878633,-0.25354293,0.57551235,-1.0216703,0.981262,0.34181675,0.5714828,-1.5863127,-0.5129706,-0.41174877,-0.4602063,-0.30330458,-0.8467015,0.684134,-1.4233911,1.092053,-0.49497658,0.06289582,-0.35398528,1.3802428,-0.3601916,0.15505195,-0.5738722,0.6306885,-0.10066674,0.60758156,-1.5486323,-0.829605,-0.78068256,1.0492574,0.0,-0.06818181818181818,-0.033742055,-0.03625536132376463,0.0,0.0,0.0,0.0,0.0,0.0,0.25,0.0,0.0,0.0,0.0,0.0,0.0,0.0,126.65384615384616,108.58670491918934,113.23922785006224,0.18942715303123753,72.77318240785678
892a30649dbffff,0.0,-0.16666666666666666,0.15789473684210525,-0.6400458,-0.7174635419975762,-0.6368220290922417,-0.78759956,-0.32906017,0.46506125,-0.22146782,-0.4294068,-0.7296639,-0.04054227,0.1758723,0.0905064,-0.24382372,-0.79358345,0.27263576,0.462121,0.9405629,0.011212569,-0.027625768,-0.7318765,0.6298716,0.40726802,0.036563337,0.24026902,0.29363424,0.49281046,0.2532691,-0.6478028,-0.20289811,-0.158871,0.4394889,-0.047325093,0.72721255,1.1998024,0.68749666,-0.14635521,-0.2389274,-0.13590384,0.0753223,-0.058990344,-0.6035518,0.34779406,-0.10245539,0.08873609,0.30289546,1.038922,-0.035886873,-0.42405608,0.6643386,0.24569355,0.5367772,0.5543193,-0.39407846,0.0,0.06818181818181818,-0.17748098,-0.17566791029826534,0.0,-0.3333333333333333,0.0,0.0,0.0,0.0,-0.75,4.0,0.0,0.0,0.0,0.0,0.0,0.0,128.1529411764706,86.3367968559726,113.23693859437536,0.19278080293193844,72.4027690359564
892a30648a3ffff,0.0,-0.3333333333333333,0.07368421052631578,-0.4677454,-0.40462053602523534,-0.4647847594462698,0.11105621,0.5197296,0.92380774,0.10027601,0.38606977,0.5484744,0.46393,-0.14863938,0.64416945,-0.9365044,0.14657682,-0.2733033,-0.012907479,-0.77569157,1.3937923,1.3943009,0.64469683,-0.39337906,0.2083736,0.011789038,-0.23337533,0.44333038,-0.44001618,-0.3196255,0.16672848,0.7587483,-0.4073583,-1.2954326,0.40779907,-0.3255491,-0.7419839,-0.18372479,0.12003558,0.7983737,0.19350229,-0.3174565,0.24305242,0.7979009,-0.9124978,-0.1495635,0.08579881,-0.2632629,-0.21610521,0.23567306,-0.26019716,-0.34275034,0.042980652,-0.7335258,-0.86700016,0.17370561,0.0,-0.4772727272727273,-0.38961795,-0.3878053878744868,0.0,-0.3333333333333333,0.0,0.0,0.0,0.0,-0.5,0.0,0.0,0.0,0.0,0.0,0.0,0.0,127.78750000000001,101.58738566910426,113.23562441862622,0.19056856483354725,71.45280989680575
892a3064843ffff,0.0,-0.16666666666666666,-0.6105263157894737,-0.9110397,-0.08553316408379598,-0.9079478556532575,0.28685263,0.12351545,0.19900022,-0.42106053,0.35177764,-1.0152029,-0.27589047,-0.41371414,1.103009,-0.6135154,-0.52005893,-0.16388807,0.026017483,0.7378932,0.3415219,0.008596448,-0.42822355,-0.9009329,1.2876846,1.2951952,-0.3926688,-0.6842444,0.1406825,-1.8676661,-0.67948776,-0.23121127,-0.059529986,-0.8289084,-0.22510988,0.07398902,0.24125853,-0.2693364,0.67319894,1.219832,0.10710322,-0.60512596,1.1514914,-0.047491767,0.22790848,-0.33565986,0.65574765,-0.24388245,-0.39285672,-0.9717356,1.2145844,-0.2979741,-0.09004975,-0.5793276,-0.2594846,-0.07986986,0.0,-0.29545454545454547,-0.99018055,-0.9878133029200982,0.0,-0.3333333333333333,0.0,0.0,0.0,0.0,-0.75,0.0,0.0,0.0,0.0,0.0,0.0,0.0,119.39999999999999,95.06067627527716,113.23982612158733,0.1902836138295974,71.37628612447779
892a30645b7ffff,0.0,2.8333333333333335,-0.9368421052631579,-0.24006386,2.646555917734034,-0.23906874657375707,-0.43285623,0.26513362,-1.2157848,0.16668943,-0.6429442,0.5855363,0.123889185,1.6250485,-0.08005726,1.1559998,-0.125309,-0.62441,-0.058030527,-1.9108285,-0.6379475,-1.2413764,0.85762495,0.4024187,-1.6163152,-0.061554592,0.27743813,0.120754965,0.511563,0.81634337,0.35372514,-1.0222018,1.3604858,1.9078499,0.03783743,-0.4652969,-0.1831704,0.021607853,1.7316731,-0.21916123,-0.6179461,-0.12412849,0.5328399,-0.21509676,1.7169412,-0.32536617,-0.7399245,-0.96330035,0.4076332,0.59022236,0.86932224,-0.8228583,1.4793777,0.8935204,1.2053665,-0.037712414,0.0,0.1590909090909091,0.9939109,0.9891181278626343,0.0,-0.3333333333333333,0.0,8.988992,1.7763458806807866,8.985880552950725,0.25,0.0,0.0,0.0,0.0,0.0,0.0,0.0,156.94363636363633,95.24678236251987,113.23780284338656,0.19003672446610348,70.68157820916531
892a3064a87ffff,0.0,-0.16666666666666666,0.4631578947368421,-0.2591033,-0.5514909081959608,-0.25659221415872474,0.95215386,-0.32703578,-0.50821,-0.6229861,0.92485195,0.40925476,-0.59376764,0.69174784,-0.6197605,-1.287509,1.0429184,-1.862706,-1.643976,0.69351614,-1.8546344,-0.4429275,-0.398615,1.2472919,2.1549509,-0.343093,0.856521,-2.0094988,-0.57748204,-0.3461301,-1.1128203,0.53312486,-1.0635792,-1.1099552,-0.08263494,0.38005778,0.4912254,-0.84157616,0.7481471,0.4201542,1.3347545,-0.034613673,0.6937378,-0.39790356,1.7388265,-1.2007545,1.102428,-0.37145475,-1.244845,-0.80411005,1.2985781,-0.58516526,-1.8484436,-0.25210726,0.7370339,-0.08575478,0.0,-0.22727272727272727,-0.5879368,-0.5863166929656198,0.0,-0.3333333333333333,0.0,0.0,0.0,0.0,-0.75,0.0,0.0,0.0,0.0,0.0,0.0,0.0,143.3764705882353,99.15586381409688,113.23843181786243,0.18876616272482108,68.13047437924666
892a3064b8bffff,0.0,-0.3333333333333333,-0.5684210526315789,-1.0428928,-0.4286663086272487,-1.0393732692175168,-0.73343146,-0.71790266,1.6576871,0.75470144,-0.45595297,0.6427564,2.227574,0.0625878,1.4441819,-1.2570691,0.44769824,0.21899864,-0.76269007,0.31741753,0.33754498,0.45219243,0.7155537,-0.4514041,1.4937505,1.0547093,0.27209678,0.8785145,-0.74300104,-0.62052244,0.032747574,-0.17802592,-0.5751377,-0.2512307,-1.1179916,-0.30298415,-0.23248933,-1.3544127,0.10876378,0.4403796,0.44343257,0.03089942,-1.6878521,0.47189844,-0.3181692,-0.0998665,-0.6853846,-0.1614714,0.6123715,-0.4579335,-0.5088404,-0.22627793,1.2669579,0.33867937,-1.2331197,-0.21667296,0.0,0.13636363636363635,-1.1112338,-1.1079180048052633,0.0,0.0,0.0,0.0,0.0,0.0,0.75,3.0,0.0,0.0,0.0,0.0,0.0,1.0,143.99565217391304,100.06008402894241,113.23803571434095,0.18887307509155019,67.36838063978124
892a3066c4bffff,0.0,0.0,2.1789473684210527,1.122763,-0.5676812474824764,1.1214555700999682,1.0766383,1.6786442,-1.2855643,1.1665646,0.75453216,-0.7256635,0.8340563,-0.15713488,0.121358,1.6100185,-1.3197066,-0.10781592,0.82042336,-0.18383083,-0.1444881,0.18163337,-0.40233976,-0.08438231,-0.9801159,-0.09702973,-0.5568325,0.15985216,1.4842473,-0.64924204,1.1072729,-0.36972862,1.9233369,0.7736774,-0.332677,-0.5644565,-0.13530412,0.06811691,-0.647914,0.22142385,-1.7566037,1.4383863,-1.0482749,0.19042484,0.6904394,0.61892074,-1.5152406,1.3014116,-0.010371877,0.15309505,-0.6938305,1.2582806,-0.49798194,0.45777556,1.0921415,0.5124877,0.0,0.13636363636363635,0.046031717,0.043507458087583266,0.0,0.0,0.0,0.0,0.0,0.0,1.5,0.0,0.0,0.0,0.0,0.0,0.0,0.0,110.13846153846154,82.23851136468417,113.23958867654386,0.18931782363284214,66.66652782369299
892a3066863ffff,0.0,1.1666666666666667,-0.37894736842105264,-0.06483486,0.9744291520719117,-0.06324102605655933,-1.2262393,0.1838317,-1.0507394,-1.3594595,1.1709145,0.2656445,-0.76927817,1.6374373,0.52096593,-0.121530056,-1.1474543,-1.9593265,-0.68645483,-0.9715138,-1.2461754,-0.815476,0.73662573,0.5036403,-0.46501437,-0.6303671,1.0311214,-1.3570249,0.1824464,0.62697995,0.66872877,-1.1406711,0.32050648,-0.2321236,0.6091513,-1.1601511,-0.2455446,0.49016166,1.4920152,-2.9123304,0.18992992,0.011572174,1.2544827,-1.1043715,-1.4805679,-1.12316,-0.3119197,0.4443258,-1.234037,1.9682099,1.4868834,-2.587957,-1.5025773,0.35777146,0.33829373,-1.3331633,0.0,0.2727272727272727,0.124345064,0.12335154513967551,0.0,0.0,0.0,8.382667,5.300888888931927,8.383264055645865,0.5,0.0,0.0,0.0,0.0,0.0,0.0,0.0,149.97419354838706,102.60436061833836,113.23525387815437,0.19071752404454478,66.61418268991714
892a3066c17ffff,0.0,-0.16666666666666666,-0.47368421052631576,-0.8135591,-0.15788220282621707,-0.8115456937811195,-0.2179063,0.094843045,-0.3805967,0.56038404,-1.2816372,0.6160773,0.17461951,1.3721344,0.036627054,0.8156429,-0.08704554,0.88855594,-0.23363261,-0.36656213,-0.38452867,-0.5986072,0.5492873,0.05335347,-0.9234509,-0.5258346,0.6021584,0.8113556,0.71978873,0.77305174,0.20501177,-0.80588245,0.7826577,1.8334558,-0.1534949,0.16576123,0.39540383,0.3677115,0.25575435,0.10073055,-0.16635114,0.34724244,-0.25952965,-0.17024045,1.243692,0.16393813,-0.63045484,-0.41733083,0.8312865,-0.4587778,-0.08012391,-0.17915417,1.3678939,0.2990438,0.3662019,0.095799,0.0,-0.2727272727272727,-0.65228885,-0.6527718038507613,0.0,0.6666666666666666,0.0,0.0,0.0,0.0,0.25,0.0,0.0,0.0,0.0,0.0,0.0,0.0,127.73061224489794,99.18314373756245,113.24053636598465,0.19125834326541907,65.75616761689614
892a3066eafffff,0.0,0.0,-0.9052631578947369,-0.7462795,1.1325310544927678,-0.7443202593236663,-0.88942814,-1.0914502,-1.9965649,-0.27381378,-0.31484568,3.0464916,-0.47811288,4.3125696,-1.7133029,0.7533246,-1.8043331,-1.9986274,-0.7170762,-2.3820736,-2.9473777,-1.3132576,1.0637176,0.1445942,-1.9220788,-1.4117535,1.7742853,-1.84154,0.17252676,2.4515226,0.9254958,-1.4990562,1.0102146,2.0431242,1.0598125,-0.9341247,0.010746624,-0.29136172,2.6604328,-1.2464767,0.009866449,-0.90779155,1.6392471,-0.3526388,2.344426,-1.5256629,-0.43059257,-0.90904284,0.20773803,1.553414,1.4913087,-1.224997,1.4808357,1.9032373,1.5378221,-0.8925063,0.0,0.13636363636363635,1.7397649,1.733649134943285,0.0,-0.3333333333333333,0.0,2.6048434,4.11801718166771,2.6041976417146553,0.5,19.0,0.0,0.0,0.0,0.0,0.0,0.0,101.8264705882353,88.88467845480368,113.23978359120572,0.1908385813456882,62.90096417859884
892a3066337ffff,0.0,1.5,1.4842105263157894,0.55519295,-0.5693092341633621,0.5543014916979706,-0.7570767,0.48229435,-1.3213179,-0.36095637,-0.4819625,-1.3357289,0.020053668,-0.4076599,-1.5379813,-0.09802818,-0.19000964,0.4156214,1.0942229,0.28468525,-0.37331292,-0.5804147,-0.92854774,1.2099955,0.6924255,0.66559607,-0.9402482,-0.6758722,-0.25463012,0.76826805,-0.82616204,-0.8732106,-0.0401533,0.814645,1.1065271,1.0445669,0.62100416,1.483242,-0.56464,-0.61761427,-0.18434517,0.19100396,0.19758578,-1.5039186,0.37487674,-0.83601856,0.26132655,-0.07836544,-1.2347921,-0.97993284,0.20315175,1.1271052,-2.1596117,0.7594807,-0.5939513,-1.1568674,0.0,2.9545454545454546,-0.2142553,-0.2168006469570225,0.0,1.3333333333333333,0.0,0.390032,1.2332092274795519,0.3898123713712434,1.25,0.0,0.0,5.0,0.0,0.0,0.0,0.0,117.70967741935483,89.94126884712838,113.23691715323261,0.19028841804801766,62.20559353528799
892a3066b03ffff,0.0,0.0,0.031578947368421054,-0.17619067,0.04040624884702605,-0.17402612682611004,0.25959134,0.7487636,0.43329704,0.50552917,0.07306995,0.10290013,0.3953659,-0.3578962,0.4667157,0.6587807,-0.016694544,0.17255896,-0.07264295,-0.007553418,-0.036085956,0.36104006,0.04492414,-0.34555998,0.010934819,-0.3287185,-0.090629846,0.30127367,0.4080605,-0.42884737,0.17810719,0.3896854,0.6370835,-0.18307102,-0.6995031,-0.04291004,0.06958782,-0.1305536,-0.5163067,0.036374565,-0.45729336,0.59779376,-0.75827473,0.34301922,0.04344415,0.62926406,-0.61777693,0.850629,0.41655225,-0.0123778945,-0.35078546,0.2758063,0.4039099,-0.55329305,0.25758412,0.45064306,0.0,-0.22727272727272727,-0.43751714,-0.43661541361652734,0.0,0.0,0.0,0.0,0.0,0.0,0.25,3.0,0.0,0.0,0.0,0.0,0.0,0.0,149.44390243902438,87.67458415482896,113.24068116496713,0.19081373095948534,62.0892884465713
892a3066a97ffff,0.0,0.0,-0.4,0.35678655,1.7636050058095898,0.3573527299580496,0.091869794,0.5430949,0.35980785,0.7301415,-0.115918584,0.9258495,0.55737853,0.66521394,0.37451285,0.95671225,-0.5387062,-0.12491153,-0.41328445,-0.6584385,-0.4882774,-0.2652323,0.3437061,-0.68534994,-0.59540206,-0.6318653,0.3614072,0.4978152,0.6575433,0.2861071,0.3561184,0.087689884,0.8090015,0.54450905,-0.7766057,-0.004730874,-0.0880301,-0.26021725,0.45015743,0.025810184,-0.41971055,0.12767081,-0.3609298,0.2616307,0.310639,0.44301796,-0.7769714,0.6416358,0.8853398,0.097188026,-0.13195473,-0.22955167,0.9566755,0.14195322,0.5873018,0.11741018,0.0,0.06818181818181818,-0.06238922,-0.06375086004380962,0.0,0.6666666666666666,0.0,0.49755841,1.573187964640435,0.49749236248130296,1.5,9.0,0.0,0.0,0.0,0.0,0.0,0.0,137.91379310344828,96.27903672762089,113.23565582882313,0.190595620165949,61.71907858207751
892a306482bffff,0.0,-0.3333333333333333,-0.12631578947368421,-1.0509686,-1.0068655009969234,-1.0475284920491286,0.06266483,-0.44574782,1.1531773,0.44103804,-0.23052216,0.05540311,0.24264517,0.41879043,1.2912616,-0.4150075,0.13512206,0.054745805,-0.8110249,0.8830098,0.3350175,-0.17051198,-0.13352208,-0.5946732,0.6387212,-0.06270148,0.2560804,0.86830413,0.25309134,-0.22253141,-0.62266225,0.4798401,-0.29405022,-0.0076607824,-0.6633854,0.38676903,0.59970206,0.244105,0.19944462,1.240383,0.4025399,0.04208033,-0.1361911,0.32345435,0.038464464,0.021154955,-0.18767771,0.3056266,0.61055005,-0.70163864,-0.11578266,-0.35401195,0.5958698,-0.5907216,0.29257727,-0.011888986,0.0,-0.36363636363636365,-1.1304042,-1.1272571717790756,0.0,-0.3333333333333333,0.0,0.0,0.0,0.0,-0.75,0.0,0.0,0.0,0.0,0.0,0.0,0.0,114.32571428571427,85.80571856686193,113.24071266724619,0.1900909107340088,61.547427043547486
892a3064ba7ffff,0.0,-0.3333333333333333,-0.29473684210526313,-0.9660063,-0.6908066254700744,-0.9622807492340139,0.044009447,0.5889765,0.7179836,0.058505405,0.6430077,-0.20404726,0.31974947,-0.37347686,0.6671179,-0.7256446,0.26867595,-0.1525626,0.021695046,-0.6648812,1.2244021,1.1716009,0.54248816,-0.3412696,0.32708988,0.5401842,-0.3445088,0.50922114,-0.5654416,-0.47325495,0.07050842,0.6316974,-0.23569413,-1.2927613,0.3884634,-0.36469063,-0.7443449,-0.119806856,0.20944223,0.7049894,0.049303535,-0.17725101,-0.17791158,0.61739016,-0.6889916,-0.18011385,-0.11233154,0.04543497,-0.5682093,0.38343728,-0.16686709,-0.09905959,-0.3843929,-0.4357636,-0.5965992,-0.0649422,0.0,-0.4772727272727273,-0.31315294,-0.3102725107119336,0.0,-0.3333333333333333,0.0,0.0,0.0,0.0,0.0,0.0,0.0,0.0,0.0,0.0,0.0,0.0,119.04749999999999,79.63153265980758,113.24284670455972,0.18965914023491198,61.36434960293683
892a3064653ffff,0.0,0.5,-0.9157894736842105,0.054698907,3.32079066697403,0.05384740407791381,0.23294033,-0.060233325,-0.61271286,0.07123279,-0.4289884,-1.7001163,-0.5472139,-0.22793867,0.012811724,-0.010527198,-0.529085,0.20587078,0.3243873,1.4027116,0.19050246,-0.59920055,-0.93937236,0.7063693,-0.10415445,0.8252965,0.5538523,0.83373433,0.37976295,-0.41525325,-0.380721,-0.06981574,0.65467834,0.44484115,0.08267487,0.084867835,0.7760613,0.3683287,-0.08586942,-0.38390812,-0.5709946,0.5813241,0.14790648,-0.16903289,0.92489576,0.32470763,-0.510641,-0.11986763,0.62606263,1.0528542,0.2091941,0.75383884,0.026951456,0.06898206,0.74152654,-0.45355433,0.0,0.25,-1.014968,-1.016427285083134,0.0,0.0,0.0,0.1395147,0.4411197628105991,0.13938110370647705,0.75,0.0,0.0,3.0,0.0,0.0,0.0,0.0,99.325,71.54385580587217,113.23337291244664,0.18760685351776743,61.101683145397004
892a3064807ffff,0.0,-0.3333333333333333,0.05263157894736842,-0.61911315,-0.5827361672911215,-0.6160763725131649,0.33809638,-2.3243148,0.147176,0.93394667,0.53936654,-0.6883119,0.52956104,-0.14933547,0.5464765,-1.2790445,-1.1709244,0.66208345,0.06358539,-1.1987432,0.8671987,1.9339633,0.71695733,-1.9024255,1.6819255,1.6925267,-0.9762789,0.7799769,0.21588582,-0.8079009,0.5088764,-0.47635242,-0.26672268,-2.3107884,0.07700241,-0.25432718,-0.970569,-0.098026946,0.03927402,1.2690632,-0.26054403,-0.42433795,1.0442096,0.13168496,1.8942327,0.34315744,0.48394904,-1.3045255,-1.1029333,1.7240767,1.7016705,0.09336118,-1.1755809,-0.37154573,-3.9906878,-0.64356977,0.0,-0.5681818181818182,0.05681926,0.05785893164041446,0.0,-0.3333333333333333,0.0,0.0,0.0,0.0,-0.75,0.0,0.0,0.0,0.0,0.0,0.0,0.0,125.46571428571428,89.68123212756595,113.23763026506148,0.1922944301633044,60.58170460177652
892a339a4b3ffff,0.0,-0.3333333333333333,-1.3789473684210527,-0.7219893,4.8318266949641115,-0.7185809698745759,-1.6043499,-0.5028242,0.53090525,-0.55789626,-0.42039692,0.15874496,1.0622184,0.42010224,1.6843208,-0.5135808,-0.8963888,0.9819973,-0.4946704,0.32604042,0.05246337,1.5892229,1.0623869,1.7420387,1.9354191,1.1366011,-1.3285335,0.34280244,-2.383795,-0.48048252,-1.3509258,-1.5611274,-0.49112463,1.1434203,0.17202057,0.48388457,0.50010854,-0.13509122,-1.5995221,-1.8203895,0.3907561,-1.2036614,-0.37796047,0.2146946,1.2792478,-0.21188699,0.10512711,-0.43086693,-0.6575191,0.6523128,1.3156791,-0.30972397,1.2584927,-0.72336656,-0.9176886,-1.4769454,0.0,0.29545454545454547,-1.2426085,-1.2389872868300997,0.0,0.0,0.0,0.0,0.0,0.0,-0.5,0.0,0.0,0.0,0.0,0.0,0.0,0.0,122.96551724137932,92.25253674060832,113.23814384275218,0.18916451180611277,60.43106987828043
892a3064d17ffff,0.0,-0.3333333333333333,-0.06315789473684211,-0.7146072,-0.5854767606089688,-0.7114668090199717,1.3408916,-1.479465,-0.3516577,1.3412942,0.9722575,-1.4747252,-0.5531564,-1.2762923,0.525495,-0.47057354,-1.762886,-0.41429135,0.5783462,-0.8001555,1.2139618,1.469919,0.59737945,-1.4794344,1.2653812,1.7247487,-1.380761,0.5172998,-0.008815744,-0.8145724,0.48296493,0.17975181,-0.336469,-2.1261497,0.3039974,-0.32520235,-0.83452505,0.21105963,1.4856757,1.9771415,-0.2000479,-0.65261215,1.3990885,-0.30205825,1.0525088,-0.37119964,0.6901148,-0.8282292,-1.0146071,2.1697974,2.3393118,-0.32153106,-2.1152267,-0.7021698,-3.970122,-0.38588318,0.0,-0.4772727272727273,-0.15532042,-0.15385656365528375,0.0,-0.3333333333333333,0.0,0.0,0.0,0.0,-0.75,0.0,0.0,0.0,0.0,0.0,0.0,0.0,99.64999999999999,88.43784838131121,113.23626859881638,0.18888384924697219,58.53572083581584
892a3064a0bffff,0.0,-0.3333333333333333,0.12631578947368421,-0.71941894,-0.7891051334783706,-0.7164942468957469,-0.25758547,-0.22789378,1.1334779,-0.022359952,-0.086440265,-0.096763104,0.24439846,0.0027024518,0.61902213,-0.5478187,-0.0033376126,-0.3210293,-0.48556486,0.87416816,0.21037622,-0.020575643,-0.5014933,-0.4042723,0.9801253,0.079978585,-0.29795188,-0.015599565,-0.17519046,-0.17081322,-1.0043367,0.28681,-0.7683508,-0.31564167,-0.16776244,0.75704765,0.7322145,0.66622925,0.24474901,0.97834796,0.528233,-0.33886936,0.16609132,-0.22952129,-0.9011855,-0.50840306,0.43282384,0.5427899,0.070192985,-1.1178893,-0.013446841,-0.20554915,-0.3366929,-0.33120066,-0.045401715,-0.39179513,0.0,-0.1590909090909091,-0.39991367,-0.39857177403183097,0.0,-0.3333333333333333,0.0,0.0,0.0,0.0,-0.75,0.0,0.0,0.0,0.0,0.0,0.0,0.0,104.72745098039215,78.16798170664723,113.23934417006011,0.19016851068944005,58.193336584420194
892a3066eabffff,0.0,1.3333333333333333,-1.0526315789473684,-0.5996427,2.2659162055800675,-0.5979882327751586,-1.3821075,-0.0088359425,-1.3867084,-0.80562836,1.7836732,2.3728726,-0.3722412,2.5696075,-0.20290898,0.56309074,-2.2060852,-2.1664832,0.09584092,-1.877579,-1.5490927,-1.5914236,1.0484554,-0.4846116,-1.71096,0.07977142,0.5753375,-0.9821627,-0.039445177,1.0891823,0.80428594,-0.13768157,1.0526606,0.33456612,0.07730875,-0.9013103,-0.31186137,0.89518625,1.8274282,-1.5033827,-0.22418337,0.022198124,0.3488184,-0.34078547,0.2880419,-1.2094812,-0.39068794,0.5759994,-0.044474777,2.0269825,1.6932662,-1.4221339,-0.05738457,0.8451504,1.3367089,-1.1848751,0.0,1.0,1.4225022,1.4168834503086138,0.0,0.0,0.0,0.3115755,0.32838142939511816,0.31148238170265813,0.5,9.0,0.0,4.0,1.0,1.0,0.0,0.0,109.38461538461539,65.84309841940502,113.23934184997897,0.18933007361147383,57.21762803584759
892a3066b33ffff,0.0,-0.16666666666666666,0.7684210526315789,0.37037304,-0.18052772586841395,0.3722562176637814,0.5812215,0.52477807,0.13828027,0.96926475,0.29416934,-0.3135678,0.26317108,-0.18086672,0.4977891,0.4651697,0.4569743,-0.10351447,-0.38772136,0.23012263,-0.4185143,-0.14841379,-0.11564575,-0.5224527,0.29295114,-0.25441793,0.33908495,0.54901797,0.48481283,-0.47412643,0.21663009,0.7824663,0.7361954,-0.4274306,-0.9249424,0.03820654,-0.24644734,-0.17499772,-0.23269264,0.05793357,-0.4597461,0.48980558,-0.29883552,0.6278971,0.52750516,0.512237,-0.7586777,0.76501644,0.12890218,-0.042613145,-0.029427787,0.27757788,-0.02724365,-0.76103723,0.058782853,0.44717568,0.0,-0.38636363636363635,0.27170753,0.27169918323067127,0.0,-0.3333333333333333,0.0,0.0,0.0,0.0,0.25,0.0,0.0,0.0,0.0,0.0,0.0,0.0,118.08163265306122,73.40474230765211,113.23673535067351,0.1896726414443286,56.71904676501025
892a33916cbffff,0.0,-0.3333333333333333,-0.2631578947368421,-0.82074255,-0.4969687622526415,-0.8169544901629741,0.25536513,-1.3983297,0.54662216,0.3387514,1.3802271,-0.30901802,0.29261875,0.009660417,0.7334079,-0.6713439,-0.006848249,-0.11791465,-0.060420185,-0.5618928,0.82263595,1.7632333,0.28270078,-1.3238846,0.81542045,1.2919846,-0.5529675,0.64233637,-0.291365,-0.93151456,0.39071554,-0.19651212,-0.4260338,-2.2821512,-0.10793245,-0.14095743,-0.79913014,-0.06095229,0.6386604,1.3812422,-0.42155913,-0.42805037,0.11119801,0.37193418,0.2234404,0.51518565,0.25703347,-0.7659515,-1.011216,0.78577346,0.6683808,-0.19109042,-1.1618718,-0.26788455,-2.2200778,-0.30631924,0.0,-0.4090909090909091,-0.66384816,-0.6602771637648034,0.0,-0.3333333333333333,0.0,0.0,0.0,0.0,0.0,0.0,0.0,0.0,0.0,0.0,0.0,0.0,118.87073170731706,68.66070429364055,113.23666723696897,0.1892474363468762,56.57460173466312
892a306484bffff,0.0,-0.3333333333333333,-0.10526315789473684,-0.7468255,-0.5829042333442247,-0.7438843106725366,0.3507424,0.3131961,0.65412307,-0.47326967,0.6332961,0.36023775,-0.38509977,-0.47854528,0.27002347,-0.7122221,0.43630525,-1.3833754,-0.37479872,0.43699113,0.32508272,0.7429552,-0.15251194,0.08924578,0.54586715,-0.1464744,-0.35182312,-0.88116395,-0.53868395,-0.60038847,-0.71905696,0.8509215,-0.903062,-0.87873065,0.4201676,0.20851265,0.39725447,0.28127444,0.76535904,0.94060326,0.5536944,-0.55885816,0.9059754,0.01708296,-1.8743069,-0.6420801,0.9942484,-0.013292669,-0.421918,-0.41182527,0.28258756,-0.7986086,-0.72956705,-0.85172653,0.2787196,0.2663281,0.0,-0.20454545454545456,-0.8249436,-0.8228863701926038,0.0,-0.3333333333333333,0.0,0.0,0.0,0.0,0.0,0.0,0.0,0.0,0.0,0.0,0.0,0.0,96.0030303030303,60.764196420053466,113.23698706320373,0.19267926752366946,55.81007584587999
892a3064867ffff,0.0,0.16666666666666666,-0.4105263157894737,-0.63512737,0.048287134412099454,-0.6319644473622216,0.0898285,0.83024186,0.68180203,-0.03448866,0.6130412,0.46798077,0.24464321,-0.3886107,0.39999434,-0.709264,0.4578326,-0.4093726,0.24393806,-0.72050667,1.2361196,1.3415968,0.55154485,0.058209136,0.09880349,-0.092138745,-0.26058865,0.31274667,-0.54579794,-0.2648548,0.16577038,0.92780954,-0.27666157,-1.3086632,0.3253529,-0.34250033,-0.71475744,-0.20960844,0.060880445,0.5445649,0.065348804,-0.157777,0.121048465,0.74057347,-0.90629107,0.011340137,-0.029704832,-0.18483718,-0.3071658,0.3754255,-0.29109013,-0.20517127,-0.24598598,-0.8108071,-0.5518927,0.3153146,0.0,-0.25,-1.2197239,-1.216466172536164,0.0,-0.3333333333333333,0.0,0.0,0.0,0.0,0.0,0.0,0.0,0.0,0.0,0.0,0.0,0.0,90.42380952380952,57.00669889426033,113.23643288023113,0.1914572898900524,55.46606583802604
892a3066347ffff,0.0,4.0,0.12631578947368421,0.95201606,1.3687286262913354,0.9498561014317396,0.22563136,1.9720649,0.13085571,-0.09937961,-1.3074276,-2.4941306,-0.8900337,-2.4684422,0.40749222,0.86455595,0.6761748,-0.021507792,-0.54240865,0.41459176,-1.5161779,-1.0633415,1.4481044,-1.1608866,-1.3643719,2.087233,0.8470357,1.2090536,-2.1225653,1.758251,0.45511112,0.77109885,-0.9109204,-1.530499,0.7320596,1.4460449,-0.16198197,0.40629613,1.6017547,-1.2247806,0.3648286,-2.0723016,-0.55565006,-0.39172128,-3.0189888,-0.11427393,0.58075374,-1.2018081,-1.0410242,-0.91307515,1.5603528,-1.057102,-0.09998048,-1.4220037,-2.052369,-1.6050227,0.0,3.909090909090909,-0.70686877,-0.7086023371920871,4.0,0.0,2.0,2.9000227,3.056445746368615,2.8978923828808134,-0.25,0.0,0.0,6.0,0.0,2.0,0.0,0.0,110.11269841269842,71.66351154087667,113.23586253695646,0.19250172244019836,53.519847324578436
892a3066b17ffff,0.0,0.0,0.3368421052631579,0.37437084,0.30987879789985634,0.3760135383999554,0.59952635,1.0075628,0.25851664,0.33997878,0.8094017,-0.45693734,-0.02863426,-1.0005511,0.5340373,0.5175914,0.29897636,-0.31351233,0.053285744,0.18420003,0.38670874,0.38668263,-0.012688102,-0.52762115,0.04565871,0.29451537,-0.3632106,0.072135314,0.095535256,-0.7943369,0.0947246,0.69588315,0.36256003,-0.721977,-0.38466883,-0.14129458,-0.23626739,0.0011635959,-0.10171731,0.4438457,-0.46481922,0.41471532,-0.45254263,0.23106879,-0.9991218,0.32063138,-0.33299708,0.9298616,-0.15443282,-0.05150795,-0.040390406,0.03086303,-0.4006327,-0.7606781,0.22299448,0.4839892,0.0,-0.36363636363636365,-0.33498126,-0.33423832066179177,0.0,-0.3333333333333333,0.0,0.0,0.0,0.0,0.25,0.0,0.0,0.0,0.0,0.0,0.0,0.0,83.45438596491228,53.226866551287564,113.23949803132554,0.189873701413269,53.343376604100065
892a30646cfffff,0.0,0.3333333333333333,-1.1578947368421053,2.0996366,12.629053193276974,2.0942511823856553,-0.9830765,-0.2022496,-0.46918166,-1.0300851,-0.3757731,-1.2846963,-1.6230303,-1.6975777,-0.47003272,-0.6022097,-1.3255947,0.61378455,-0.31047308,0.3892436,0.5706122,-1.4683611,-0.61791915,-0.57197464,0.16611327,1.5779332,0.43419692,-0.4003012,-1.3976574,1.256171,-0.902491,0.3161728,-0.7963965,0.20946033,1.5318296,0.77600616,0.24144942,0.33765936,0.7102793,-1.8493469,0.33167735,-1.2406716,-0.16393948,-1.1400149,-1.3816724,-0.21315667,0.7217772,-0.8967518,-0.07802636,0.84219867,0.9464088,-0.6099112,-1.0913054,0.6724873,-0.08678375,-1.3902117,0.0,1.6363636363636365,-0.758814,-0.7610417393180359,0.0,0.3333333333333333,0.0,9.404351,14.86741247671018,9.395432983260374,0.0,0.0,0.0,1.0,2.0,0.0,0.0,0.0,97.56842105263159,72.13699724268494,113.23810367929455,0.19056953330409548,52.83078842207103
892a3066ea3ffff,0.0,-0.16666666666666666,-0.1368421052631579,-0.20427154,0.2609291040076886,-0.20322248339982066,0.37070185,0.68574953,-1.3000865,0.2171883,-0.93331295,-0.61383235,-0.08706318,0.69711775,-0.8197225,1.0351107,-0.45095387,-0.40793142,0.031229012,-0.8711502,-0.7895581,0.11083942,0.026204528,0.16022134,-0.8774047,0.31764197,-0.09812258,-0.73528147,-0.1286089,-0.57253885,0.31528574,-1.0914346,1.1242082,0.30758446,0.27901897,-0.67373484,-0.090084925,0.37331188,0.32864058,-1.1133579,-0.7669338,-0.029276907,0.516661,0.010406299,1.1330198,-0.25026777,-0.18421832,0.29618546,-0.4975297,1.2682076,0.8621694,0.30688912,-0.3749695,0.376269,0.7282219,-0.34848726,0.0,0.4090909090909091,0.7393213,0.7354204829180879,0.0,0.6666666666666666,0.0,0.0,0.0,0.0,0.25,0.0,0.0,0.0,2.0,0.0,0.0,0.0,122.35357142857143,66.59319721875747,113.23551838337883,0.18848553621908157,52.22048074924682
892a339164fffff,0.0,-0.16666666666666666,-1.4,-0.9993446,3.6716814545365946,-0.9953597699285023,-1.371369,-0.40717903,-0.35937554,0.45682687,-0.7447337,-0.1346953,0.92473567,1.6222155,0.12403835,-1.039397,-1.1849042,1.4249591,-0.13263051,-1.3125238,0.8195546,1.4355904,1.2166791,0.37598693,0.019394072,0.5484382,-0.17828658,1.0108925,-0.42744178,0.3348062,0.80339366,-0.3801702,-0.46515784,0.05656325,0.86667484,-0.18087018,-1.0374177,0.3389484,-0.12922685,-1.5898695,-0.43384424,-1.113844,-1.065039,0.69167835,0.690012,0.005866923,-0.20334159,-1.2656821,0.086880594,0.95274687,0.25553924,0.3865034,0.45359674,0.60541964,-1.1786121,-0.09834506,0.0,-0.022727272727272728,0.75199306,0.7545112997657032,0.0,0.3333333333333333,0.0,0.0,0.0,0.0,-0.75,0.0,0.0,0.0,0.0,0.0,1.0,1.0,98.653125,73.7695693713497,113.23625937429283,0.1884416302905544,52.08887247930869
892a3066503ffff,1.0,3.6666666666666665,-0.5578947368421052,0.6075587,2.783401069156797,0.6055214519493001,-0.85383064,-1.0361601,0.079204164,-1.5731288,-0.4018925,-1.6683965,-2.1873498,-0.96634877,-0.091438964,-0.8114459,-1.2360686,-0.24454896,0.24665296,1.1177573,0.68989474,-0.5271033,-0.70897967,0.22338185,-0.3527942,1.8579897,1.361386,-0.1341956,-1.0329548,0.44966435,-1.0055767,-0.37948596,-0.7797561,-0.08952772,1.2855331,0.3503581,1.0963293,0.08673748,1.2259696,-1.4823079,0.24694702,-1.2597508,1.0617403,-1.150184,-0.81555414,-0.46436328,1.0852696,-0.79015154,1.1939507,2.2493093,0.7746864,-0.58685374,0.023448955,1.1538693,0.94692683,-1.3616611,0.0,1.3181818181818181,-1.825517,-1.8244206978253796,2.0,1.3333333333333333,0.0,5.1112747,2.020113417947645,5.106472902846672,-0.5,0.0,0.0,0.0,1.0,6.0,0.0,0.0,95.84722222222221,62.028364865112366,113.23863395203152,0.18871627874107158,51.546518290832765
892a3064bafffff,0.0,-0.3333333333333333,-0.43157894736842106,-0.80545694,-0.21651800707941918,-0.8018010030678239,-0.21938394,0.50653696,0.38735196,0.43691745,-0.36903805,0.64729387,0.23334448,0.57011384,0.20451753,0.6422667,-0.33746183,0.12368186,-0.05086208,-0.6140629,-0.16092223,0.10421511,0.4344246,-0.26657337,-0.717539,-0.6517369,0.6439047,0.6226053,0.49402404,0.29096666,0.3639342,0.09958089,0.6216261,0.35241634,-0.43643257,0.05747061,-0.028338984,-0.01663049,0.39019778,-0.432648,-0.39562503,-0.06369477,-0.08855277,0.29248258,0.22901858,0.41720852,-0.47673136,0.17167862,1.134013,0.41842028,-0.24931248,-0.08424531,1.2180709,0.0038625363,0.2884388,0.26742214,0.0,-0.29545454545454547,-1.0570264,-1.0532580179730693,0.0,-0.3333333333333333,0.0,0.0,0.0,0.0,-0.25,4.0,0.0,0.0,0.0,0.0,1.0,1.0,104.20833333333333,63.36244232368433,113.23330596237271,0.19056158654040675,51.5087793797413
892a3064663ffff,0.0,-0.3333333333333333,0.2736842105263158,0.07570334,0.03814640742496601,0.07522175881850736,-0.473842,-2.3676522,0.006182927,0.8811981,0.68894935,-0.34144723,-0.25018555,0.85168594,0.11164164,0.05240562,-0.9209629,0.29929814,0.24557911,1.789133,-1.167011,0.4948026,-1.6295426,0.39411265,1.8098238,0.074527204,0.28082308,0.7398645,0.4262153,-0.4239126,-0.37433982,-0.5483399,0.06992303,-0.8121937,-1.5643413,0.99321306,0.73308426,0.29456893,0.5325078,0.266351,-0.9118755,-0.44404915,1.440363,0.10499673,3.2778404,0.88393515,0.40797317,-0.76990247,0.026423464,0.24581525,0.76368874,0.0773919,-0.9514924,-0.3616677,-0.96649855,-0.617681,0.0,-0.11363636363636363,0.03504184,0.03102086603541319,1.0,0.0,0.0,0.0,0.0,0.0,-0.75,0.0,0.0,0.0,0.0,0.0,0.0,0.0,95.15384615384616,65.18500435605883,113.23816033554269,0.18759394277592653,50.42162802044675
892a306410fffff,0.0,4.0,-0.5473684210526316,-0.06559009,1.4333990526494698,-0.06434221971729663,-1.4299605,-0.48506942,0.58056885,-0.2959245,-1.1862024,0.012948411,0.1666932,0.84838957,-0.6701564,-0.4022031,0.2887327,0.45343888,0.07594665,0.12044601,-0.6099808,-0.3668036,-0.21605045,0.689953,0.80861014,-0.27476218,0.058714367,0.08792573,-0.13023852,0.8963498,-1.0682847,-0.37024233,-0.6449798,0.5240236,0.030194728,1.2119691,0.8636778,1.1612808,0.24283864,-0.46358997,0.55725324,-0.54155684,0.44840807,-0.86968416,0.43639216,-0.6432226,0.5535278,-0.12422499,0.3907059,-0.85200655,0.14606363,0.22136885,0.08493034,0.33685616,-0.44035742,-0.76980495,1.0,1.3409090909090908,-0.1209225,-0.1220037054854585,1.0,0.0,6.0,4.72483,2.987808369509759,4.724392700065948,0.25,0.0,0.0,11.0,0.0,1.0,0.0,0.0,140.78181818181818,65.47878654650914,113.23932543050852,0.19164442241687735,50.4075701840336
892a3066b13ffff,0.0,-0.3333333333333333,0.0,-0.44352946,-0.2822693792747366,-0.4411721209592101,-0.022351082,1.3277606,-0.41568437,0.4966408,-0.5749293,-0.62266475,0.23836415,-0.42138767,-0.15125524,-0.20512958,-1.1315101,0.52861917,0.13554658,-0.7781212,1.028281,0.35543352,0.278322,-0.4245001,-0.21771735,-0.102680966,-0.53688127,-0.24516377,0.43602082,-0.25053865,0.5244484,0.88961905,0.10585207,-0.20694838,0.7172018,-0.34970856,-0.7440558,0.68111324,-0.30288857,-0.9837308,-0.5434602,-0.18039255,-0.14123173,0.44047216,-1.0632826,-0.23247454,0.13006821,0.12645124,0.13598819,0.19291139,0.13635777,0.2762385,0.16286628,-0.63990575,-0.12374577,0.6926806,0.0,-0.5681818181818182,-1.0159925,-1.014126336693888,0.0,2.0,0.0,0.0,0.0,0.0,-0.75,0.0,0.0,0.0,3.0,0.0,0.0,0.0,99.9764705882353,61.102166414002276,113.24039103149117,0.18996022124287454,49.37187911997505
892a306467bffff,0.0,2.0,-0.21052631578947367,0.0759178,0.8249430340487718,0.07532106636358311,0.64647716,0.62297845,-0.8072898,0.7601179,0.051048588,0.32247418,0.30658624,1.1357522,-0.18928495,1.3201132,-0.7392427,-0.40128642,-0.14230357,-0.6283064,-0.9225762,0.15196039,0.18459165,-0.059463996,-1.0555544,-0.5904628,0.37631923,-0.4911361,1.036611,-0.03590212,0.9054075,-0.67148024,1.3196683,1.0260097,-0.17282735,-0.6699332,-0.011829077,-0.66084975,0.35576814,-0.0014674871,-0.8759806,0.6345629,-0.34460014,0.2355399,0.9901004,0.05427174,-0.78283656,0.67013705,0.24287894,0.25153193,-0.1258664,0.20955816,0.5214462,0.7866962,1.0216333,0.52881676,0.0,0.5,-0.45550767,-0.45826235270105115,1.0,-0.3333333333333333,0.0,3.2565525,5.148309125929596,3.253869968783755,1.25,0.0,0.0,0.0,0.0,0.0,0.0,0.0,115.71875,59.99658551482326,113.23800800272822,0.1895151620180544,47.61552719206085
892a3064667ffff,0.0,-0.16666666666666666,-0.12631578947368421,-0.13715357,0.3424194625822409,-0.13709442233262648,-0.49470502,-0.23596483,0.7466408,-0.12399794,-0.48513764,-0.3181964,-0.060985204,0.004111374,0.45068437,-0.28750578,-0.30089015,-0.10793182,-0.22347613,0.7395019,0.17514579,-0.39874777,-0.41951624,-0.29179016,0.36806604,0.16274376,0.23860134,0.11336317,-0.124664634,0.06932616,-0.79781556,-0.07269684,-0.45533642,0.21703319,0.023957733,0.6931873,0.836917,0.7809803,0.6691003,0.28019166,0.2834287,-0.47519854,0.34475207,-0.39345214,-0.70981,-0.40449756,0.42424873,-0.02756154,0.59891456,-0.55638313,0.06781286,-0.21237546,0.27752772,-0.025585901,0.02394714,-0.4023714,0.0,0.3409090909090909,0.8940091,0.8877127429258318,0.0,0.0,0.0,0.0,0.0,0.0,0.0,7.0,0.0,0.0,0.0,0.0,0.0,0.0,115.0,52.36229104813428,113.23795177773953,0.1905356181565564,43.55086758830901
892a3066aa3ffff,0.0,-0.3333333333333333,-0.10526315789473684,-0.26074064,0.1263260671666176,-0.2590443348840049,0.19755752,0.8848227,0.16922048,0.35881004,0.3776002,-0.07238871,0.09372265,-0.4497164,0.19863153,0.6002825,0.23424065,-0.032570444,0.12690736,-0.3256513,0.09699175,0.3002978,0.25416842,-0.26807877,-0.18468751,0.011929991,-0.0760596,0.28025615,0.19626273,-0.29739508,0.24215417,0.46590376,0.52032524,-0.34543514,-0.40548286,-0.104738064,-0.30250868,-0.06379431,-0.015914464,-0.042486235,-0.46768752,0.325697,-0.42566222,0.18191676,-0.3323789,0.3824304,-0.4614306,0.642219,0.16196369,0.2087741,-0.075097166,0.076600656,0.07008705,-0.41700903,0.15211216,0.36150026,0.0,-0.1590909090909091,0.06591261,0.06477236311709463,0.0,-0.3333333333333333,0.0,0.0,0.0,0.0,0.0,2.0,0.0,0.0,0.0,0.0,0.0,0.0,78.9923076923077,27.253523739381254,113.23998074919507,0.19028153448519494,39.64849810899524
892a3064847ffff,0.0,-0.3333333333333333,-0.7578947368421053,-1.0008249,0.047056106973408965,-0.9975977103793788,-0.38826615,0.34458962,0.7006023,-0.017053312,0.2942524,0.12837104,0.48555136,-0.7624721,1.0517256,-1.3704867,1.475117,-1.5123307,-0.1592565,-1.0095303,1.0675981,-0.051832348,0.20658599,-1.1316959,0.32542068,0.8093469,-0.2836088,-0.34223008,-0.99705184,-0.6837326,-0.31399277,0.33996934,-0.28999683,-1.4694971,0.0026984927,-0.42720404,-0.26707816,-0.48669675,0.8631255,-0.021175034,0.1828098,-0.49825707,0.7803171,0.70844233,-1.4698526,-1.0128936,0.28206354,-0.73014694,-0.38134828,-0.6224186,0.3942601,-1.4586898,0.65909874,-0.55288863,-0.20109282,0.5114942,0.0,-0.4090909090909091,-0.69038993,-0.6883778856862406,0.0,-0.3333333333333333,0.0,0.0,0.0,0.0,-0.25,3.0,0.0,0.0,0.0,0.0,0.0,0.0,83.75416666666666,32.95259194619177,113.23638416090223,0.18942272661216913,38.032614041514115
