,lat,lng,planned_service_time
40,42.256614,-71.14643,102.0
41,42.256679,-71.146747,96.0
44,42.257052,-71.144238,95.0
45,42.257112,-71.146139,217.0
46,42.256396,-71.144292,117.0
50,42.25514,-71.145003,175.0
97,42.341134,-71.07985,83.0
107,42.325756,-71.058159,173.0
108,42.325684,-71.057897,147.0
109,42.325199,-71.058239,250.0
110,42.325088,-71.057839,300.8
111,42.325008,-71.057549,104.0
210,42.316255,-71.114642,158.0
211,42.314869,-71.113096,93.0
212,42.315716,-71.114809,93.0
232,42.316797,-71.113551,202.0
237,42.314466,-71.106386,162.0
240,42.315202,-71.106521,94.0
241,42.315013,-71.105962,79.0
242,42.316285,-71.10569,63.0
244,42.316499,-71.106616,151.0
282,42.34873,-71.074241,174.89999999999998
283,42.349106,-71.073784,486.0
293,42.343436,-71.078233,67.0
303,42.346929,-71.075785,483.69999999999993
306,42.346657,-71.073246,308.0
308,42.337342,-71.044153,57.0
310,42.33771,-71.043987,216.0
311,42.337194,-71.042391,341.0
312,42.337107,-71.043509,339.0
313,42.336524,-71.043266,105.0
314,42.33646,-71.043032,135.0
315,42.336406,-71.041168,235.0
316,42.336391,-71.041831,196.0
317,42.336823,-71.041591,75.0
318,42.337226,-71.040868,118.0
319,42.337227,-71.040873,73.0
356,42.337485,-71.0254,37.0
359,42.337481,-71.02586,38.0
362,42.336393,-71.027192,84.0
363,42.336203,-71.027187,104.0
364,42.336295,-71.027188,87.0
365,42.336203,-71.027187,78.0
373,42.335784,-71.026864,218.10000000000002
374,42.335803,-71.025591,211.0
375,42.335985,-71.025062,107.0
376,42.336987,-71.02509,481.0
377,42.336625,-71.026893,107.0
378,42.336637,-71.026454,117.0
379,42.336649,-71.025812,87.0
412,42.284602,-71.166229,42.0
413,42.284824,-71.166492,62.099999999999994
414,42.285616,-71.16744,85.0
470,42.274246,-71.149008,56.0
471,42.275278,-71.149367,47.0
472,42.27514,-71.146464,60.0
473,42.274491,-71.145927,140.0
480,42.275342,-71.148248,40.0
481,42.27488,-71.147562,56.0
482,42.275825,-71.149056,79.0
483,42.275822,-71.147874,118.0
498,42.284511,-71.148262,196.0
500,42.284669,-71.148909,57.0
501,42.285275,-71.148843,83.0
502,42.284679,-71.149532,50.0
630,42.278056,-71.122417,71.0
631,42.278062,-71.123255,120.0
632,42.278672,-71.123694,42.0
633,42.280181,-71.12468,41.0
634,42.2804,-71.124241,191.0
636,42.280666,-71.125177,136.0
637,42.280232,-71.125792,39.0
638,42.279616,-71.126514,36.0
639,42.279382,-71.126788,63.0
640,42.278681,-71.126113,53.0
641,42.278519,-71.125568,46.0
642,42.277905,-71.125091,183.0
643,42.277894,-71.124094,140.0
644,42.277304,-71.123875,96.0
645,42.276089,-71.122365,188.0
646,42.275564,-71.122666,136.0
647,42.274764,-71.12275,53.0
648,42.274847,-71.121554,134.0
650,42.274587,-71.121414,265.0
667,42.276386,-71.132626,65.0
668,42.276677,-71.133091,98.0
819,42.25928,-71.123275,147.89999999999998
820,42.261909,-71.122864,73.0
821,42.25925,-71.122392,45.0
822,42.258442,-71.122457,128.10000000000002
823,42.257861,-71.120883,74.0
824,42.257847,-71.120333,415.09999999999997
825,42.258673,-71.120859,75.0
826,42.259474,-71.121482,110.0
827,42.259883,-71.120678,54.0
828,42.259756,-71.120042,119.0
834,42.265347,-71.120039,61.0
836,42.264623,-71.118862,176.8
837,42.266552,-71.118518,49.0
838,42.266137,-71.12004,57.0
839,42.267232,-71.120945,39.0
840,42.267236,-71.120182,111.0
846,42.265171,-71.11584,67.0
847,42.267632,-71.117256,35.0
854,42.267694,-71.114779,41.0
857,42.267109,-71.113371,47.0
864,42.267573,-71.103613,64.0
865,42.268045,-71.103133,41.0
866,42.267449,-71.101961,72.0
876,42.271452,-71.100944,35.0
877,42.272699,-71.099705,50.0
878,42.271532,-71.101927,419.0
880,42.272346,-71.102474,345.0
884,42.273202,-71.100452,75.0
947,42.273724,-71.110333,97.0
948,42.272182,-71.111214,95.0
949,42.271773,-71.110406,38.0
950,42.273155,-71.109862,82.0
951,42.272204,-71.110402,88.0
963,42.349023,-71.178595,104.0
964,42.348986,-71.177201,78.0
1039,42.348712,-71.152806,164.0
1040,42.347859,-71.152068,36.0
1041,42.347765,-71.1514,295.0
1042,42.346593,-71.152414,170.0
1044,42.344887,-71.152209,70.0
1045,42.345561,-71.152909,420.0
1046,42.345539,-71.151827,139.0
1047,42.345636,-71.150411,168.89999999999998
1048,42.345836,-71.150086,65.0
1061,42.347942,-71.155091,55.0
1063,42.346429,-71.150866,336.0
1067,42.345698,-71.149185,159.0
1068,42.345507,-71.150014,96.0
1069,42.345285,-71.149112,246.0
1088,42.342301,-71.147166,394.0
1089,42.342895,-71.147088,64.0
1091,42.34182,-71.147605,170.10000000000002
1092,42.254284,-71.125647,96.0
1093,42.254366,-71.125228,96.0
1094,42.254055,-71.124573,75.0
1108,42.259452,-71.121429,164.10000000000002
1109,42.259504,-71.122417,53.0
1110,42.259081,-71.12241,82.0
1112,42.258605,-71.123457,75.0
1113,42.261841,-71.12271,131.0
1117,42.265469,-71.120235,40.0
1118,42.264846,-71.119205,35.0
1119,42.264506,-71.118682,60.0
1120,42.267772,-71.120922,98.0
1122,42.267195,-71.118614,122.0
1123,42.264211,-71.117906,55.0
1124,42.265007,-71.116511,55.0
1125,42.265487,-71.11602,140.0
1126,42.267667,-71.117248,40.0
1140,42.271819,-71.111445,76.0
1141,42.272804,-71.110883,192.0
1142,42.273731,-71.110353,71.2
1144,42.273619,-71.109604,101.0
1148,42.27266,-71.109272,35.0
1149,42.272143,-71.109563,35.0
1150,42.272523,-71.10869,47.0
1162,42.267603,-71.103588,237.0
1163,42.267167,-71.102994,35.0
1164,42.267346,-71.101851,201.0
1165,42.267655,-71.102208,178.0
1166,42.26838,-71.102131,73.0
1173,42.270709,-71.10186,47.0
1174,42.270912,-71.102777,91.0
1176,42.272128,-71.101278,267.0
1177,42.273203,-71.100453,36.0
1178,42.2735,-71.101308,158.0
1251,42.356785,-71.151514,132.0
1252,42.355066,-71.147942,171.0
1253,42.357049,-71.145731,182.0
1256,42.354903,-71.145293,244.79999999999998
1258,42.354242,-71.146642,104.0
1260,42.355046,-71.145742,57.0
1261,42.354481,-71.14604,283.79999999999995
1262,42.354564,-71.14688,186.89999999999998
1276,42.354297,-71.150269,82.0
1277,42.354516,-71.149433,170.10000000000002
1278,42.35409,-71.150395,82.0
1296,42.348626,-71.153612,95.0
1297,42.347746,-71.154976,131.2
1298,42.347004,-71.153956,99.0
1299,42.346391,-71.153188,110.10000000000001
1304,42.346628,-71.154198,58.0
1305,42.346784,-71.154925,76.0
1320,42.347943,-71.155079,115.0
1336,42.264283,-71.12414,130.0
1337,42.262935,-71.124968,38.0
1341,42.276146,-71.127617,75.0
1344,42.27722,-71.1251,112.0
1345,42.276313,-71.124485,198.0
1349,42.277217,-71.134379,98.0
1381,42.265494,-71.125915,232.20000000000002
1382,42.265123,-71.126773,87.0
1383,42.264961,-71.12655,162.0
1384,42.260909,-71.125846,39.0
1388,42.260877,-71.124888,160.8
1400,42.254075,-71.126867,97.0
1423,42.252744,-71.128005,458.09999999999997
1424,42.253327,-71.127615,146.0
1445,42.258142,-71.121071,115.0
1446,42.25891,-71.120678,102.0
1447,42.26039,-71.12134,40.0
1448,42.259273,-71.123276,240.0
1449,42.258973,-71.122413,67.0
1450,42.259574,-71.121701,50.0
1451,42.259608,-71.120153,45.0
1452,42.26135,-71.122318,101.0
1457,42.265301,-71.119964,93.0
1459,42.264623,-71.118862,49.0
1464,42.267782,-71.116168,206.0
1467,42.268612,-71.11949,158.0
1468,42.267182,-71.11861,155.0
1469,42.265313,-71.118101,126.0
1470,42.265171,-71.11584,79.0
1471,42.265664,-71.116117,39.0
1472,42.266539,-71.116622,283.2
1479,42.273365,-71.111371,218.0
1480,42.272478,-71.111885,45.0
1481,42.271545,-71.11125,226.0
1482,42.273072,-71.109909,319.0
1486,42.272874,-71.109149,185.0
1488,42.270833,-71.110389,266.0
1490,42.271366,-71.112776,52.0
1493,42.268367,-71.115098,47.0
1494,42.267333,-71.115764,88.0
1500,42.267109,-71.113371,206.0
1506,42.313848,-71.105038,347.1
1508,42.314734,-71.106137,56.0
1509,42.315013,-71.105962,36.0
1510,42.315185,-71.106444,112.0
1511,42.315227,-71.106607,132.0
1512,42.315806,-71.105712,143.10000000000002
1513,42.316415,-71.106248,43.0
1555,42.315112,-71.114096,292.0
1556,42.315878,-71.115253,112.0
1560,42.315334,-71.116276,147.0
1584,42.315542,-71.106356,145.0
1585,42.347968,-71.15509,135.0
1594,42.347895,-71.152165,65.0
1595,42.347308,-71.151394,493.79999999999995
1596,42.34663,-71.152629,194.0
1597,42.344943,-71.15237,214.0
1598,42.346137,-71.152667,70.0
1599,42.345475,-71.151862,224.8
1600,42.345859,-71.151442,106.0
1601,42.345774,-71.15007,174.0
1615,42.354297,-71.150269,173.10000000000002
1616,42.354478,-71.149433,269.1
1617,42.354521,-71.149601,77.0
1641,42.347382,-71.153708,277.0
1642,42.346868,-71.153512,89.0
1643,42.347028,-71.153941,139.0
1644,42.346391,-71.15319,53.0
1648,42.346709,-71.154701,103.0
1795,42.266847,-71.101827,92.0
1796,42.267449,-71.101961,50.0
1797,42.267573,-71.103613,180.89999999999998
1798,42.268091,-71.103082,58.0
1804,42.272133,-71.101274,306.0
1807,42.273365,-71.103434,132.0
1808,42.272502,-71.102321,85.0
1809,42.273219,-71.101602,68.0
1947,42.289908,-71.133233,195.0
1962,42.291773,-71.1338,454.20000000000005
1963,42.290861,-71.132366,368.0
1968,42.2923,-71.133954,123.89999999999999
1969,42.292029,-71.134275,63.0
1972,42.292545,-71.13472,156.0
1973,42.290672,-71.133474,106.0
1974,42.291236,-71.134122,296.0
1975,42.290301,-71.134214,141.89999999999998
1976,42.291059,-71.135419,86.0
1977,42.28948,-71.134532,73.0
1978,42.290387,-71.135551,138.89999999999998
1981,42.290131,-71.136616,95.0
2054,42.346687,-71.154634,99.0
2091,42.347924,-71.155079,68.0
2099,42.348215,-71.153068,46.0
2100,42.347867,-71.151345,56.0
2101,42.347308,-71.151394,56.0
2102,42.34723,-71.151738,100.0
2103,42.346895,-71.15163,61.0
2104,42.346544,-71.151718,117.0
2105,42.346454,-71.152778,46.0
2107,42.345269,-71.15299,96.89999999999999
2108,42.345742,-71.15274,52.0
2109,42.345966,-71.151886,36.900000000000006
2110,42.345684,-71.150734,68.0
2114,42.345339,-71.149367,41.0
2126,42.341805,-71.146615,113.10000000000001
2130,42.342894,-71.147076,85.0
2131,42.341781,-71.147245,71.1
2132,42.341799,-71.147593,56.0
2133,42.347749,-71.154992,39.900000000000006
2134,42.347917,-71.155079,46.0
2135,42.348445,-71.154599,78.0
2136,42.34845,-71.15431,55.0
2137,42.348942,-71.153682,119.0
2138,42.348172,-71.153913,86.0
2139,42.34785,-71.153996,63.0
2140,42.346868,-71.153512,68.0
2153,42.354535,-71.149667,113.0
2154,42.35404,-71.150428,230.0
2192,42.341187,-71.149519,128.10000000000002
2193,42.341381,-71.148607,66.0
2194,42.341372,-71.146962,356.0
2195,42.340921,-71.150171,140.0
2196,42.34102,-71.149957,123.2
2198,42.340571,-71.14882,303.2
2231,42.266288,-71.099927,63.0
2271,42.264267,-71.116912,219.2
2272,42.26394,-71.116686,68.0
2281,42.26346,-71.118246,62.0
2282,42.263471,-71.117577,256.0
2283,42.262969,-71.117281,88.0
2298,42.251723,-71.117406,120.0
2317,42.348951,-71.177532,69.0
2319,42.345917,-71.073702,137.0
2326,42.343411,-71.074617,367.0
2327,42.342619,-71.074159,250.0
2529,42.367939,-71.03385,457.79999999999995
2539,42.367957,-71.033897,86.0
2540,42.36851,-71.03345,44.0
2541,42.369835,-71.033913,255.89999999999998
2542,42.370202,-71.03375,226.0
2543,42.369777,-71.03521,82.0
2544,42.369495,-71.035538,148.0
2545,42.370367,-71.034527,95.0
2548,42.36996,-71.032797,264.8
2549,42.369757,-71.033033,71.0
2550,42.36905,-71.033868,37.0
2551,42.368636,-71.034361,112.0
2552,42.368449,-71.03503,147.0
2559,42.368146,-71.034907,135.0
2592,42.335922,-71.040954,61.0
2594,42.335498,-71.042853,230.0
2595,42.335479,-71.044054,115.0
2603,42.33407,-71.047473,96.0
2606,42.333432,-71.049041,178.0
2610,42.333074,-71.051392,354.0
2611,42.333636,-71.052102,475.79999999999995
2612,42.335052,-71.05254,80.0
2613,42.334877,-71.051746,71.0
2614,42.334696,-71.050901,162.0
2615,42.334135,-71.05157,57.0
2616,42.335358,-71.053501,153.0
2617,42.335548,-71.051081,51.0
2618,42.335687,-71.050468,206.0
2619,42.334207,-71.048467,105.0
2620,42.334975,-71.049368,192.0
2622,42.334423,-71.048086,336.9
2623,42.334972,-71.048505,425.0
2625,42.335151,-71.048053,104.10000000000001
2626,42.332257,-71.044793,287.2
2627,42.332158,-71.043762,68.0
2628,42.332154,-71.043213,162.0
2629,42.331709,-71.044121,236.0
2630,42.331319,-71.044416,400.8
2631,42.331304,-71.045171,270.0
2632,42.331329,-71.043097,95.0
2633,42.331337,-71.042351,143.10000000000002
2634,42.331835,-71.042594,136.0
2641,42.332925,-71.050058,80.0
2644,42.333067,-71.050675,73.0
2645,42.334117,-71.050577,71.0
2646,42.333838,-71.050234,159.89999999999998
2647,42.333007,-71.050909,146.0
2650,42.32981,-71.053565,35.0
2659,42.332933,-71.050393,112.0
2660,42.333785,-71.050053,223.79999999999998
2661,42.333785,-71.049396,41.0
2665,42.32923,-71.054371,225.89999999999998
2666,42.328816,-71.054709,76.0
2667,42.329332,-71.055836,52.0
2668,42.328678,-71.055703,198.0
2669,42.327696,-71.054134,57.0
2673,42.32558,-71.054345,47.0
2676,42.327357,-71.056909,409.0
2677,42.329293,-71.056446,213.0
2678,42.328255,-71.057806,62.0
2679,42.328178,-71.056932,137.0
2680,42.328797,-71.056945,166.0
2696,42.333176,-71.052479,83.0
2697,42.334354,-71.053953,61.0
2698,42.334499,-71.054129,372.0
2699,42.333489,-71.054236,138.0
2700,42.335042,-71.053894,335.1
2701,42.335331,-71.054481,83.1
2702,42.3355,-71.05455,61.0
2708,42.332152,-71.043783,119.10000000000001
2709,42.332164,-71.043197,234.0
2710,42.33217,-71.042817,86.0
2711,42.331853,-71.044129,112.0
2712,42.33129,-71.044681,210.0
2713,42.331334,-71.042425,80.0
2714,42.33132,-71.042831,144.0
2715,42.331029,-71.044106,188.0
2716,42.330471,-71.044988,190.0
2723,42.337485,-71.0254,284.0
2724,42.337479,-71.025852,345.09999999999997
2725,42.337473,-71.026375,75.0
2726,42.33773,-71.027346,137.0
2727,42.336982,-71.027214,163.0
2728,42.336331,-71.027192,167.10000000000002
2740,42.335784,-71.026807,142.0
2741,42.335803,-71.025418,81.0
2742,42.335979,-71.025061,79.0
2743,42.336629,-71.026616,127.0
2744,42.336649,-71.025871,403.2
2745,42.336311,-71.025072,63.0
2751,42.335175,-71.02504,88.0
2767,42.333204,-71.029895,157.0
2768,42.333206,-71.029871,162.0
2771,42.332764,-71.029134,145.0
2772,42.331648,-71.029483,185.0
2773,42.332402,-71.028466,258.0
2774,42.332395,-71.029438,106.0
2775,42.332368,-71.03076,347.0
2788,42.331944,-71.031643,203.2
2792,42.331462,-71.031148,124.0
2793,42.332019,-71.031173,132.0
2839,42.274033,-71.119995,84.0
2840,42.275792,-71.119746,114.0
2850,42.277191,-71.121646,88.0
2851,42.276726,-71.121752,78.0
2852,42.27694,-71.121703,73.0
2853,42.278061,-71.122085,183.0
2854,42.278944,-71.123725,141.0
2855,42.279935,-71.12392,65.0
2856,42.280207,-71.124699,62.0
2857,42.280489,-71.124124,46.0
2858,42.280427,-71.124875,99.0
2859,42.280324,-71.125707,101.0
2860,42.280245,-71.125799,122.0
2861,42.27788,-71.125103,52.0
2862,42.277963,-71.123983,62.0
2863,42.277401,-71.123208,116.0
2864,42.276732,-71.122783,53.0
2865,42.276075,-71.122365,133.0
2866,42.275633,-71.12247,298.0
2867,42.274764,-71.122753,182.10000000000002
2868,42.275047,-71.121688,69.0
2869,42.275383,-71.121108,41.0
2872,42.274548,-71.121398,219.0
2873,42.273482,-71.122328,80.0
2886,42.276305,-71.124479,98.0
2887,42.277091,-71.125165,164.0
2889,42.276146,-71.127617,67.0
2896,42.277045,-71.133671,44.0
2897,42.277745,-71.133736,91.0
2898,42.277599,-71.13391,200.0
2899,42.276645,-71.134412,164.0
2927,42.265076,-71.127531,178.0
2928,42.264935,-71.126139,57.0
2929,42.265726,-71.125826,41.0
2942,42.263646,-71.127308,52.0
2943,42.26325,-71.124377,59.0
2944,42.262935,-71.124968,67.0
2945,42.265392,-71.125052,59.0
2946,42.264368,-71.125414,158.0
2947,42.262001,-71.125758,43.0
2956,42.262276,-71.124691,50.0
2988,42.317951,-71.065987,172.0
2989,42.319012,-71.067135,96.0
3006,42.308924,-71.070667,61.0
3009,42.309955,-71.068082,46.0
3010,42.30938,-71.069579,66.0
3020,42.310736,-71.071441,110.0
3021,42.310846,-71.070928,57.0
3022,42.309992,-71.070378,134.0
3027,42.316878,-71.067259,57.0
3028,42.317207,-71.066946,36.0
3032,42.318299,-71.066969,253.0
3033,42.318107,-71.067594,74.0
3034,42.317596,-71.068522,36.0
3037,42.317079,-71.06984,35.0
3066,42.354651,-71.161448,149.0
3067,42.35451,-71.160671,51.0
3068,42.354432,-71.160237,51.0
3069,42.354224,-71.158989,114.89999999999999
3080,42.355336,-71.151347,95.0
3081,42.354818,-71.151488,40.0
3086,42.355525,-71.157651,166.0
3087,42.356105,-71.157835,72.9
3088,42.356185,-71.157526,121.0
3092,42.356634,-71.158991,143.10000000000002
3093,42.356547,-71.159443,38.0
3094,42.355783,-71.160425,428.0
3095,42.355749,-71.15989,96.0
3096,42.355279,-71.158609,42.0
3097,42.354614,-71.158297,125.0
3098,42.354857,-71.158771,141.0
3099,42.355046,-71.159884,268.20000000000005
3125,42.353845,-71.164672,179.0
3126,42.353598,-71.166579,76.0
3127,42.353464,-71.1659,491.0
3128,42.352225,-71.164228,256.0
3131,42.352058,-71.166723,147.0
3132,42.351888,-71.165458,76.0
3133,42.352067,-71.164851,411.0
3134,42.351919,-71.164374,55.0
3140,42.351859,-71.165123,165.0
3150,42.352158,-71.167692,143.2
3151,42.351634,-71.167627,51.0
3163,42.350922,-71.176126,71.0
3164,42.349666,-71.177584,42.0
3165,42.350099,-71.175881,44.0
3166,42.350305,-71.175149,285.0
3229,42.288417,-71.06234,140.0
3230,42.288909,-71.060325,155.0
3231,42.288969,-71.060075,108.0
3232,42.289227,-71.061382,104.10000000000001
3233,42.289749,-71.061567,43.0
3236,42.289032,-71.062157,60.0
3251,42.288309,-71.060314,40.0
3252,42.288016,-71.061593,47.099999999999994
3254,42.287266,-71.062519,66.9
3281,42.267959,-71.068593,103.0
3282,42.268417,-71.070111,64.0
3284,42.269535,-71.07096,77.0
3285,42.268882,-71.070551,60.0
3286,42.270171,-71.070353,144.0
3287,42.269343,-71.069163,178.0
3289,42.274166,-71.070038,377.1
3290,42.274811,-71.069859,142.0
3291,42.275603,-71.069641,119.0
3292,42.275862,-71.070321,50.0
3293,42.275812,-71.07,68.0
3315,42.274083,-71.069057,87.0
3318,42.275606,-71.067804,60.0
3319,42.275704,-71.068407,41.0
3320,42.275743,-71.069117,260.0
3322,42.273343,-71.071667,161.0
3323,42.271636,-71.072011,151.0
3328,42.272236,-71.071314,82.0
3329,42.271895,-71.071565,130.0
3330,42.272194,-71.072178,52.0
3331,42.27313,-71.072468,54.0
3334,42.273934,-71.075788,76.0
3338,42.273375,-71.077473,57.0
3341,42.275208,-71.078185,53.0
3342,42.275438,-71.077368,74.0
3452,42.275038,-71.146633,232.0
3455,42.274565,-71.148331,87.0
3456,42.273729,-71.146808,76.0
3466,42.276016,-71.148106,48.0
3467,42.274879,-71.147578,119.0
3468,42.275818,-71.149384,119.0
3488,42.284699,-71.148969,50.0
3489,42.285008,-71.14914,69.0
3490,42.285098,-71.149575,78.0
3491,42.28524,-71.149787,40.0
3593,42.284711,-71.163748,68.0
3595,42.285761,-71.164381,42.0
3596,42.285403,-71.164951,42.0
3597,42.285162,-71.165503,69.0
3598,42.285825,-71.16544,46.0
3599,42.285697,-71.166138,149.0
3600,42.286394,-71.166935,82.0
3601,42.286151,-71.167309,54.0
3606,42.286714,-71.165339,65.0
3607,42.286801,-71.164736,82.0
3608,42.286466,-71.164438,62.0
3654,42.328033,-71.095457,310.0
3655,42.328636,-71.095014,164.0
3656,42.328528,-71.09373,97.0
3657,42.328879,-71.092804,158.10000000000002
3658,42.329372,-71.094047,83.0
3659,42.329855,-71.094252,162.0
3661,42.328397,-71.092348,42.0
3662,42.327847,-71.092645,123.0
3670,42.327231,-71.094247,147.0
3762,42.348539,-71.153652,204.89999999999998
3763,42.347387,-71.153868,100.0
3767,42.348029,-71.153273,282.0
3768,42.346919,-71.15354,102.89999999999999
3769,42.346922,-71.153147,185.0
3770,42.346498,-71.15325,78.0
3775,42.347942,-71.155091,123.0
3782,42.347859,-71.152068,100.0
3783,42.347541,-71.151547,219.0
3784,42.345712,-71.15268,443.09999999999997
3786,42.344761,-71.151718,73.0
3885,42.288481,-71.06353,344.0
3886,42.28926,-71.063316,99.0
3888,42.288738,-71.061031,77.0
3889,42.28908,-71.059624,130.0
3890,42.289397,-71.061984,127.0
3891,42.289045,-71.062121,45.0
3892,42.288838,-71.062918,94.0
3926,42.287709,-71.062776,186.0
3928,42.287266,-71.062519,168.0
3972,42.355235,-71.161708,237.0
3993,42.353599,-71.166587,243.2
3994,42.353472,-71.165928,242.0
3995,42.352217,-71.164304,376.0
3999,42.352285,-71.166714,122.0
4000,42.351888,-71.16546,131.0
4003,42.351896,-71.164375,114.0
4016,42.350922,-71.176126,59.0
4017,42.349695,-71.177413,60.0
4030,42.35301,-71.167805,289.20000000000005
4045,42.34651,-71.074453,119.10000000000001
4050,42.346123,-71.07395,366.0
4051,42.346764,-71.073298,186.0
4052,42.345877,-71.073852,282.9
4059,42.342666,-71.074072,387.0
4075,42.273781,-71.121587,483.0
4084,42.2774,-71.124876,159.0
4091,42.277045,-71.133671,66.0
4092,42.277571,-71.13394,364.0
4113,42.262292,-71.125721,288.0
4116,42.26064,-71.124918,163.2
4121,42.254815,-71.125903,55.0
4145,42.252459,-71.128128,127.0
4146,42.252921,-71.127349,180.89999999999998
4157,42.254064,-71.124569,372.8
4165,42.25882,-71.120745,204.0
4166,42.259474,-71.121482,92.0
4167,42.259756,-71.120042,51.0
4169,42.261957,-71.12297,249.2
4172,42.266186,-71.119853,93.0
4173,42.266261,-71.121012,74.0
4175,42.263989,-71.119391,41.0
4182,42.26731,-71.11869,46.0
4183,42.267782,-71.116168,72.0
4189,42.264985,-71.116645,146.0
4190,42.265537,-71.116045,73.0
4191,42.264386,-71.117934,62.0
4192,42.265076,-71.127531,240.0
4201,42.264778,-71.126306,75.0
4202,42.263862,-71.124236,36.0
4203,42.263752,-71.12726,241.0
4205,42.267587,-71.113489,52.0
4206,42.267694,-71.114779,53.0
4215,42.272533,-71.108654,188.0
4220,42.273724,-71.110333,39.0
4221,42.273345,-71.109753,240.0
4222,42.27178,-71.110406,249.0
4306,42.353588,-71.166545,51.0
4307,42.353464,-71.1659,71.0
4308,42.35223,-71.164228,210.0
4310,42.352454,-71.166708,108.0
4311,42.351888,-71.16546,336.0
4316,42.351599,-71.165166,132.89999999999998
4325,42.351103,-71.176511,59.0
4326,42.349935,-71.176012,347.0
4338,42.35301,-71.167805,62.099999999999994
4339,42.353403,-71.167756,87.0
4340,42.352095,-71.167687,50.0
4364,42.35094,-71.177083,89.0
4365,42.350434,-71.177175,170.0
4366,42.350234,-71.178337,44.0
4471,42.257337,-71.147269,293.1
4472,42.256146,-71.14571,108.0
4473,42.255835,-71.145746,239.0
4475,42.255418,-71.144117,128.0
4476,42.25524,-71.144388,171.0
4508,42.250569,-71.114844,57.0
4510,42.249786,-71.115414,113.0
4518,42.250066,-71.117002,136.0
4519,42.250084,-71.117913,48.0
4521,42.250357,-71.118788,89.0
4522,42.251768,-71.119519,173.0
4523,42.250561,-71.120091,91.0
4529,42.246593,-71.121106,153.0
4539,42.244747,-71.120578,134.0
4540,42.245598,-71.120774,52.0
4541,42.246003,-71.12006,56.0
4542,42.245201,-71.119677,46.0
4543,42.244546,-71.118637,124.0
4544,42.243898,-71.120089,177.0
4562,42.237721,-71.126782,228.0
4563,42.237983,-71.127369,142.0
4564,42.237165,-71.127754,241.0
4565,42.236579,-71.127054,192.0
4584,42.311366,-71.121279,100.0
4589,42.312115,-71.122252,247.0
4597,42.309137,-71.1156,459.0
4613,42.305819,-71.10567,230.0
4615,42.305754,-71.106696,357.0
4616,42.305452,-71.107413,111.0
4618,42.304752,-71.107037,129.0
4680,42.249714,-71.118304,40.0
4681,42.250208,-71.11831,59.0
4682,42.250133,-71.119229,69.0
4683,42.251227,-71.119432,100.0
4684,42.25161,-71.119798,113.0
4685,42.251063,-71.120745,143.0
4686,42.251156,-71.120413,207.0
4687,42.264267,-71.116912,228.0
4688,42.2644,-71.11625,41.0
4704,42.263361,-71.117507,50.0
4714,42.258794,-71.119979,81.0
4721,42.251816,-71.119273,105.0
4722,42.251632,-71.117311,84.0
4724,42.25243,-71.11561,49.0
4750,42.249876,-71.114148,65.0
4756,42.246247,-71.11854,43.0
4757,42.246756,-71.119059,114.89999999999999
4758,42.250449,-71.121645,100.0
4759,42.250565,-71.120939,80.0
4760,42.250036,-71.120414,47.0
4761,42.249695,-71.120054,184.0
4768,42.246518,-71.121035,92.0
4771,42.246088,-71.12194,71.0
4772,42.244813,-71.120639,78.0
4773,42.244927,-71.121986,55.0
4774,42.245598,-71.120774,55.0
4775,42.244534,-71.118694,95.0
4904,42.348951,-71.177532,82.0
4905,42.349056,-71.176779,126.0
5004,42.340642,-71.15715,327.2
5005,42.341075,-71.156634,55.0
5006,42.341206,-71.15711,256.0
5007,42.341422,-71.158997,76.0
5008,42.341806,-71.158764,38.0
5009,42.342442,-71.159104,108.89999999999999
5011,42.342194,-71.159701,80.0
5012,42.341998,-71.158643,174.0
5076,42.353083,-71.164194,132.0
5093,42.354633,-71.161322,111.0
5094,42.354504,-71.160634,83.0
5095,42.354268,-71.159369,73.0
5110,42.355146,-71.150838,165.0
5111,42.3545,-71.151686,81.0
5116,42.356106,-71.157959,101.10000000000001
5120,42.35663,-71.158828,35.0
5121,42.356537,-71.159518,65.1
5122,42.356396,-71.160606,156.8
5123,42.355749,-71.15989,127.0
5124,42.355023,-71.159731,37.0
5125,42.354682,-71.158327,139.0
5126,42.262737,-71.126948,396.8
5130,42.264655,-71.127553,68.0
5131,42.264243,-71.127005,59.0
5132,42.263636,-71.126258,81.0
5133,42.263865,-71.125529,53.0
5135,42.262935,-71.124968,115.0
5136,42.26325,-71.124377,213.0
5137,42.261861,-71.125776,72.0
5138,42.260909,-71.125846,387.0
5151,42.254815,-71.125903,44.0
5152,42.25416,-71.127825,107.10000000000001
5153,42.25467,-71.12751,131.0
5179,42.253399,-71.127471,170.0
5195,42.257485,-71.121464,40.0
5196,42.259096,-71.123324,60.0
5197,42.259502,-71.12322,119.0
5198,42.259546,-71.122421,112.0
5199,42.25891,-71.120678,53.0
5203,42.261909,-71.122864,305.0
5206,42.266479,-71.118758,66.0
5207,42.266338,-71.119282,72.0
5208,42.266261,-71.121012,98.0
5210,42.265263,-71.119899,116.10000000000001
5211,42.264918,-71.119338,58.0
5212,42.264623,-71.118001,197.0
5213,42.265021,-71.116518,47.0
5214,42.265827,-71.116212,189.0
5215,42.265129,-71.118077,152.0
5216,42.265939,-71.118191,44.0
5217,42.267163,-71.118595,67.0
5218,42.268612,-71.11949,71.0
5226,42.266849,-71.115663,52.0
5227,42.267195,-71.116173,477.0
5228,42.267585,-71.115071,101.0
5230,42.268497,-71.114901,81.0
5232,42.267109,-71.113371,53.0
5238,42.27178,-71.110406,225.0
5239,42.27298,-71.109962,101.0
5240,42.272904,-71.110803,130.0
5241,42.272035,-71.111292,322.0
5252,42.267462,-71.102749,61.0
5253,42.266251,-71.102603,73.0
5254,42.26866,-71.101901,75.0
5264,42.271626,-71.103013,55.0
5265,42.273016,-71.101805,47.0
5267,42.273896,-71.102076,161.0
5322,42.360747,-71.14359,61.0
5323,42.360697,-71.14249,59.0
5324,42.36057,-71.140839,335.0
5326,42.36057,-71.140839,57.0
5327,42.36011,-71.141841,78.0
5328,42.361314,-71.140957,114.0
5329,42.361165,-71.141313,71.0
5332,42.361269,-71.14268,128.0
5389,42.36175,-71.140994,77.0
5392,42.361823,-71.139818,146.0
5393,42.360828,-71.140389,192.0
5396,42.359452,-71.141098,320.8
5401,42.360144,-71.142731,182.0
5402,42.360018,-71.142572,295.0
5403,42.359682,-71.142046,91.0
5457,42.266801,-71.100496,106.0
5458,42.2661,-71.10048,36.0
5473,42.266003,-71.102853,46.0
5478,42.2659,-71.113761,41.0
5479,42.264273,-71.11689,121.0
5491,42.263276,-71.119064,92.0
5496,42.258722,-71.119827,203.10000000000002
5506,42.25114,-71.116267,136.0
5537,42.250517,-71.113739,165.89999999999998
5538,42.249872,-71.114142,111.89999999999999
5550,42.250354,-71.118319,76.0
5551,42.250357,-71.118788,68.0
5552,42.250126,-71.119243,122.0
5561,42.341075,-71.156634,70.0
5562,42.34125,-71.157287,178.0
5563,42.341939,-71.158679,62.0
5564,42.342765,-71.159717,50.099999999999994
5566,42.342071,-71.159141,93.0
5569,42.342762,-71.158174,131.2
5570,42.342506,-71.158335,121.0
5571,42.341986,-71.158049,47.0
5626,42.353083,-71.164194,153.0
5634,42.35462,-71.161286,146.0
5635,42.354432,-71.160237,132.0
5649,42.355323,-71.151307,356.0
5650,42.355082,-71.150672,116.0
5652,42.355581,-71.1579,87.0
5653,42.356105,-71.157835,142.0
5654,42.356634,-71.158794,87.0
5655,42.356603,-71.159049,119.2
5656,42.356483,-71.159939,47.0
5657,42.356436,-71.16031,78.0
5658,42.355156,-71.160498,40.0
5659,42.35501,-71.159658,36.0
5660,42.355027,-71.158492,122.0
5680,42.359501,-71.142132,37.0
5681,42.360131,-71.142732,60.0
5682,42.360331,-71.143468,95.0
5691,42.356691,-71.151141,87.0
5692,42.355651,-71.149418,318.9
5693,42.355021,-71.149683,170.0
5694,42.354817,-71.148899,70.0
5695,42.355051,-71.147961,56.099999999999994
5696,42.35561,-71.146919,234.0
5697,42.355745,-71.14608,308.0
5702,42.355055,-71.145737,67.0
5703,42.354516,-71.146149,253.2
5704,42.354444,-71.146955,81.0
5705,42.354128,-71.147153,111.0
5740,42.347749,-71.154992,192.0
5741,42.34701,-71.153953,84.8
5742,42.346868,-71.153512,125.10000000000001
5799,42.250314,-71.118318,87.0
5809,42.25196,-71.114823,66.0
5810,42.251329,-71.117,386.09999999999997
5813,42.249465,-71.119816,78.0
5814,42.250717,-71.121344,160.0
5825,42.245117,-71.12094,35.0
5833,42.237552,-71.126656,316.0
5834,42.236869,-71.128045,174.0
5835,42.2363,-71.128678,60.0
5836,42.236172,-71.128094,95.1
5863,42.24973,-71.113982,60.0
5864,42.250232,-71.115878,68.0
5878,42.337666,-71.043931,259.0
5879,42.33759,-71.043815,316.8
5880,42.338041,-71.042396,240.89999999999998
5881,42.337196,-71.0424,282.0
5882,42.336917,-71.043699,119.0
5883,42.336522,-71.044173,372.0
5884,42.338041,-71.042396,72.0
5885,42.336411,-71.04286,111.0
5886,42.336255,-71.042232,82.0
5887,42.336407,-71.040966,306.9
5888,42.336373,-71.042585,152.0
5889,42.336342,-71.043961,62.0
5890,42.336331,-71.042552,64.0
5891,42.336611,-71.04159,143.0
5892,42.337227,-71.040873,284.0
5930,42.33773,-71.027346,46.0
5934,42.337473,-71.026375,82.0
5935,42.337479,-71.025852,139.0
5936,42.337031,-71.027215,47.0
5940,42.336088,-71.027183,119.0
5951,42.336531,-71.025078,56.0
5952,42.336649,-71.025926,112.0
5953,42.336629,-71.026616,127.0
5954,42.335313,-71.025047,144.0
6090,42.347374,-71.151647,137.0
6091,42.348239,-71.151117,260.0
6093,42.34776,-71.151821,174.0
6114,42.348289,-71.15385,115.0
6115,42.347924,-71.155079,271.2
6118,42.348065,-71.153255,173.10000000000002
6119,42.346872,-71.153515,457.0
6120,42.346913,-71.153543,96.0
6158,42.356748,-71.15137,446.0
6159,42.354942,-71.149379,86.0
6160,42.355045,-71.147956,128.10000000000002
6161,42.355729,-71.147398,192.0
6163,42.355745,-71.14608,279.0
6164,42.354853,-71.146152,90.0
6165,42.354995,-71.145768,61.0
6168,42.354692,-71.145413,245.10000000000002
6170,42.354273,-71.147062,104.0
6171,42.354242,-71.146642,131.0
6176,42.354446,-71.147441,50.0
6185,42.354279,-71.15028,67.0
6186,42.35454,-71.149696,100.0
6188,42.347912,-71.152203,95.0
6224,42.335784,-71.026881,179.0
6225,42.335791,-71.026284,132.0
6226,42.335803,-71.025572,153.0
6227,42.336649,-71.025812,75.0
6228,42.336625,-71.026893,69.0
6245,42.333204,-71.029895,265.20000000000005
6249,42.332895,-71.029138,308.1
6250,42.332596,-71.029127,92.0
6251,42.331697,-71.029387,73.0
6252,42.331968,-71.028752,237.0
6253,42.332402,-71.028485,79.0
6254,42.332393,-71.029648,97.0
6255,42.332392,-71.029605,69.0
6256,42.332368,-71.03076,209.29999999999998
6266,42.3314,-71.031147,46.0
6267,42.331868,-71.031168,131.0
6328,42.303703,-71.103391,96.0
6329,42.304411,-71.106578,339.9
6330,42.303854,-71.107696,86.0
6332,42.304287,-71.107271,67.0
6333,42.305105,-71.105984,95.0
6334,42.304687,-71.105537,163.0
6335,42.303891,-71.104696,144.0
6336,42.303427,-71.106738,482.0
6337,42.302824,-71.105715,259.20000000000005
6379,42.313848,-71.105105,342.0
6381,42.314656,-71.106216,213.0
6382,42.315185,-71.106444,160.8
6383,42.316291,-71.10569,164.10000000000002
6396,42.305738,-71.105552,112.0
6397,42.305971,-71.105877,140.8
6399,42.30565,-71.106584,151.0
6410,42.349228,-71.090357,351.0
6411,42.349219,-71.090796,86.0
6415,42.349494,-71.087813,195.2
6416,42.350231,-71.088462,123.89999999999999
6417,42.350368,-71.08794,231.89999999999998
6418,42.350575,-71.087173,126.0
6427,42.351333,-71.087703,263.1
6428,42.350557,-71.090565,330.0
6429,42.350494,-71.090801,138.0
6430,42.35044,-71.091,138.0
6431,42.350397,-71.091161,53.0
6436,42.348866,-71.089666,323.0
6437,42.349074,-71.087899,262.0
6438,42.349168,-71.087553,49.0
6439,42.349309,-71.087033,336.0
6442,42.349262,-71.089089,300.0
6443,42.349762,-71.090798,164.0
6444,42.349975,-71.089399,309.0
6445,42.350738,-71.089896,146.0
6446,42.349237,-71.09009,92.0
6501,42.26064,-71.124918,71.0
6502,42.261196,-71.124846,50.0
6514,42.254085,-71.127678,76.0
6515,42.254266,-71.128023,39.0
6516,42.25307,-71.128602,255.0
6549,42.252921,-71.127349,83.0
6559,42.254327,-71.125105,160.0
6574,42.257861,-71.120883,306.0
6575,42.258442,-71.122457,56.0
6576,42.259121,-71.123317,81.0
6577,42.260008,-71.120889,296.1
6579,42.261866,-71.122764,83.0
6580,42.262069,-71.121904,88.0
6584,42.264623,-71.118862,43.0
6585,42.266136,-71.120032,77.0
6586,42.266606,-71.120987,84.0
6591,42.26731,-71.11869,119.0
6592,42.264623,-71.118001,91.0
6593,42.264985,-71.116645,149.10000000000002
6594,42.266223,-71.116441,82.0
6599,42.267761,-71.114599,311.0
6600,42.267587,-71.113489,58.0
6605,42.271125,-71.112217,78.0
6606,42.271366,-71.112776,81.0
6618,42.271404,-71.110329,38.0
6619,42.272204,-71.110402,199.0
6620,42.273072,-71.109909,72.0
6621,42.271797,-71.111423,67.0
6622,42.272478,-71.111885,60.0
6637,42.271689,-71.100713,105.0
6638,42.271203,-71.101166,71.0
6639,42.270792,-71.102218,107.0
6641,42.267573,-71.103613,106.0
6642,42.266209,-71.102646,51.0
6643,42.262609,-71.125683,63.0
6694,42.341128,-71.078727,152.0
6695,42.340915,-71.078519,94.0
6696,42.340656,-71.077815,286.0
6757,42.32775,-71.079194,116.0
6763,42.328207,-71.079326,304.0
6764,42.329171,-71.081368,72.0
6766,42.330192,-71.080842,232.0
6767,42.329617,-71.080471,52.0
6769,42.327272,-71.080592,77.0
6770,42.327677,-71.080694,87.0
6800,42.329254,-71.092209,64.0
6804,42.328632,-71.092669,115.0
6805,42.329836,-71.094235,100.0
6807,42.329839,-71.092455,126.0
6808,42.329372,-71.094047,168.0
6809,42.329278,-71.094823,198.0
6810,42.328323,-71.094592,61.0
6811,42.329075,-71.093552,123.0
6812,42.327864,-71.092732,141.0
6824,42.327308,-71.094518,329.0
6845,42.32994,-71.053685,259.0
6846,42.328907,-71.053472,101.0
6847,42.330147,-71.05506,300.8
6848,42.329497,-71.053898,149.0
6849,42.328816,-71.054709,128.0
6850,42.329065,-71.055224,72.0
6851,42.328619,-71.055711,175.2
6852,42.328049,-71.054826,419.09999999999997
6854,42.325813,-71.054595,131.0
6855,42.326617,-71.055403,85.0
6856,42.326754,-71.056901,109.0
6857,42.327691,-71.056914,239.0
6858,42.329131,-71.056951,468.0
6859,42.330294,-71.05828,342.0
6874,42.334354,-71.053953,155.2
6875,42.335216,-71.055112,150.0
6878,42.334927,-71.053678,190.0
6879,42.334987,-71.053759,80.0
6880,42.335331,-71.054481,128.8
6881,42.335445,-71.054456,292.0
6882,42.33738,-71.053921,263.0
6889,42.335716,-71.053049,49.0
6890,42.335411,-71.052106,246.0
6891,42.336014,-71.052662,285.0
6892,42.336488,-71.051711,134.0
6893,42.336433,-71.05246,81.0
6894,42.336513,-71.052585,379.0
6895,42.337358,-71.052185,91.0
6896,42.338005,-71.053198,91.0
6897,42.33725,-71.051207,334.0
6899,42.337937,-71.05146,329.0
6905,42.337372,-71.049809,46.0
6906,42.337102,-71.050976,105.0
6907,42.335967,-71.050034,203.0
6912,42.335877,-71.044275,87.0
6915,42.33726,-71.044808,102.89999999999999
6981,42.343202,-71.073084,370.0
6982,42.343332,-71.072836,465.0
6983,42.343448,-71.072617,208.0
6984,42.342577,-71.072491,476.0
6985,42.342487,-71.072389,118.0
6986,42.342321,-71.072188,240.0
6987,42.342387,-71.072268,108.0
6988,42.342227,-71.072077,438.2
7047,42.357098,-71.145993,57.0
7052,42.356672,-71.151144,180.89999999999998
7053,42.356806,-71.151669,58.0
7055,42.355642,-71.149418,261.9
7056,42.355271,-71.147783,120.0
7057,42.3555,-71.146543,198.0
7058,42.355043,-71.146046,246.0
7059,42.355277,-71.145679,126.89999999999999
7060,42.355241,-71.145548,96.0
7061,42.355164,-71.145228,70.0
7063,42.354231,-71.146655,73.0
7071,42.361097,-71.140221,376.0
7072,42.360493,-71.140418,96.0
7073,42.36011,-71.139619,478.09999999999997
7074,42.359832,-71.14042,63.900000000000006
7075,42.360201,-71.140712,200.8
7080,42.360728,-71.143083,46.0
7081,42.360656,-71.14167,42.0
7082,42.361103,-71.141312,101.10000000000001
7083,42.361452,-71.142007,98.0
7084,42.362087,-71.140801,393.0
7086,42.359866,-71.141976,60.0
7087,42.360145,-71.142454,207.0
7092,42.354824,-71.146172,366.0
7093,42.355006,-71.14659,86.0
7094,42.35444,-71.146951,128.0
7096,42.354521,-71.14778,163.0
7097,42.354156,-71.147117,67.0
7108,42.354303,-71.150249,61.0
7109,42.354525,-71.149659,132.89999999999998
7110,42.354006,-71.150436,220.8
7127,42.350656,-71.08687,307.20000000000005
7131,42.351218,-71.088128,498.0
7132,42.35099,-71.088959,422.0
7187,42.286589,-71.046698,192.0
7188,42.285184,-71.044323,62.0
7206,42.284479,-71.047502,76.0
7209,42.285032,-71.048522,54.0
7246,42.286333,-71.047741,87.0
7292,42.246003,-71.12006,55.0
7293,42.245609,-71.120762,77.0
7294,42.244927,-71.121986,57.0
7305,42.236402,-71.126184,73.0
7306,42.23689,-71.126999,41.0
7307,42.237769,-71.126814,92.0
7308,42.23741,-71.127999,230.0
7309,42.236829,-71.1286,75.9
7310,42.236186,-71.128209,73.0
7311,42.2363,-71.128678,95.0
7331,42.249498,-71.115108,36.0
7332,42.250257,-71.115905,68.0
7333,42.250899,-71.114807,84.0
7334,42.250399,-71.114677,85.0
7346,42.250802,-71.116839,100.8
7347,42.249708,-71.118304,66.0
7348,42.250899,-71.118711,325.0
7349,42.250954,-71.120927,94.0
7351,42.250266,-71.121963,58.0
7352,42.250565,-71.120939,105.89999999999999
7353,42.250036,-71.120414,35.0
7357,42.246339,-71.118634,57.0
7457,42.330465,-71.054145,244.0
7463,42.333035,-71.051354,141.0
7464,42.33345,-71.051605,120.0
7465,42.334368,-71.051106,374.0
7466,42.334785,-71.052848,245.2
7467,42.335382,-71.053534,196.0
7468,42.334865,-71.051729,177.89999999999998
7469,42.334369,-71.05194,123.0
7470,42.334755,-71.051552,192.0
7471,42.334743,-71.050696,74.0
7472,42.33519,-71.050539,502.0
7473,42.33528,-71.050683,264.0
7474,42.334344,-71.048199,84.0
7475,42.334908,-71.049283,302.0
7476,42.335214,-71.048881,355.79999999999995
7478,42.334477,-71.047786,73.0
7479,42.332349,-71.044145,108.0
7480,42.332148,-71.043835,62.0
7481,42.332167,-71.043193,186.0
7482,42.33217,-71.042763,82.0
7483,42.331314,-71.0431,121.0
7484,42.330974,-71.042762,212.0
7485,42.331338,-71.042353,98.0
7486,42.331781,-71.04259,210.0
7494,42.334187,-71.050673,230.0
7495,42.333766,-71.050019,340.8
7497,42.329618,-71.057604,238.0
7498,42.329218,-71.058255,449.0
7499,42.329167,-71.05695,156.0
7501,42.329381,-71.05632,136.0
7502,42.329642,-71.055536,70.0
7505,42.332167,-71.043193,78.0
7513,42.32774,-71.054219,503.0
7516,42.325769,-71.05455,450.0
7517,42.32673,-71.054662,270.0
7518,42.326522,-71.055341,81.0
7519,42.327662,-71.055322,138.0
7520,42.328819,-71.054709,131.0
7521,42.328972,-71.054258,101.0
7523,42.329254,-71.053571,255.0
7525,42.348929,-71.177858,113.0
7656,42.275541,-71.076929,68.0
7657,42.275134,-71.078154,79.0
7658,42.274976,-71.075321,131.0
7682,42.268454,-71.070193,74.0
7684,42.26818,-71.068302,92.0
7685,42.268579,-71.068719,95.0
7686,42.26934,-71.069165,186.0
7687,42.270172,-71.070361,127.0
7688,42.269742,-71.067651,125.0
7689,42.269202,-71.067457,136.0
7691,42.270907,-71.067831,205.0
7692,42.271105,-71.069397,182.0
7693,42.27127,-71.068643,451.20000000000005
7708,42.273699,-71.069066,79.0
7711,42.275704,-71.068407,364.7
7712,42.275749,-71.068851,411.0
7714,42.27363,-71.071759,102.0
7715,42.273343,-71.071667,95.0
7716,42.272461,-71.071386,71.0
7717,42.271841,-71.072496,240.0
7718,42.272194,-71.072178,56.0
7728,42.27407,-71.079433,113.0
7760,42.356023,-71.15815,160.8
7761,42.356724,-71.15811,42.0
7762,42.356443,-71.160252,235.2
7763,42.355715,-71.158808,63.0
7764,42.354928,-71.159185,45.0
7765,42.355224,-71.160854,140.0
7772,42.356292,-71.160909,35.0
7785,42.353501,-71.166077,480.0
7789,42.351434,-71.166925,46.0
7790,42.352383,-71.166711,44.0
7791,42.351949,-71.165186,159.0
7795,42.351859,-71.165123,118.0
7798,42.352158,-71.167694,37.0
7799,42.352735,-71.167765,139.0
7807,42.350922,-71.176126,49.0
7808,42.350356,-71.175573,77.0
7820,42.352869,-71.168045,141.89999999999998
7821,42.35383,-71.167789,81.0
7838,42.35094,-71.177083,224.8
7902,42.279935,-71.12392,254.0
7903,42.279863,-71.124394,71.0
7904,42.279145,-71.124862,87.0
7905,42.277963,-71.123983,79.0
7906,42.275584,-71.12271,281.1
7907,42.274806,-71.122539,213.89999999999998
7908,42.274788,-71.121537,243.2
7917,42.2774,-71.124876,105.0
7918,42.276305,-71.124479,65.0
7923,42.276666,-71.133072,39.0
7924,42.277014,-71.133626,48.0
7925,42.277672,-71.133823,190.0
7953,42.265076,-71.127531,148.8
7958,42.264134,-71.125462,98.0
7960,42.263985,-71.124208,63.0
7961,42.263014,-71.124425,40.0
7962,42.263002,-71.125067,185.10000000000002
7963,42.263752,-71.12726,66.0
7964,42.263636,-71.126258,47.0
7977,42.253602,-71.126742,110.0
8045,42.328297,-71.078579,123.0
8046,42.328958,-71.079362,305.0
8047,42.329455,-71.080585,175.0
8048,42.329034,-71.080061,121.0
8051,42.328327,-71.080571,308.0
8078,42.329254,-71.092209,106.0
8095,42.327308,-71.094518,218.0
8097,42.328632,-71.092669,152.0
8099,42.328781,-71.093638,61.0
8111,42.329218,-71.058255,87.0
8112,42.328797,-71.057507,274.0
8113,42.329406,-71.056296,391.0
8114,42.328984,-71.05631,185.0
8115,42.328142,-71.056932,192.89999999999998
8116,42.329134,-71.056949,110.0
8125,42.333455,-71.053383,129.0
8126,42.334494,-71.054119,218.0
8127,42.334907,-71.055099,93.0
8128,42.33386,-71.054134,361.0
8129,42.334872,-71.053608,228.0
8130,42.335037,-71.053823,147.0
8136,42.336636,-71.05342,128.0
8137,42.336074,-71.053606,173.0
8138,42.335436,-71.052081,450.0
8139,42.335928,-71.052525,64.0
8140,42.336047,-71.051353,126.89999999999999
8141,42.336655,-71.051973,282.0
8142,42.336357,-71.052346,319.2
8143,42.336362,-71.050987,282.0
8144,42.337359,-71.052191,118.0
8145,42.337232,-71.051183,432.0
8146,42.335723,-71.049667,370.0
8147,42.336234,-71.050443,293.1
8149,42.337869,-71.051348,169.0
8150,42.337798,-71.05124,122.0
8151,42.337383,-71.050587,183.0
8163,42.334187,-71.050673,97.0
8170,42.330319,-71.054019,186.9
8171,42.32999,-71.053728,311.2
8172,42.329674,-71.054217,483.3
8173,42.328907,-71.053472,87.0
8174,42.32923,-71.054371,207.89999999999998
8175,42.329069,-71.055224,47.0
8176,42.328935,-71.055712,114.0
8177,42.327745,-71.054226,123.0
8179,42.32627,-71.055095,92.0
8180,42.326864,-71.05586,55.0
8366,42.367957,-71.033897,36.0
8371,42.368491,-71.033472,285.9
8372,42.368198,-71.034455,168.0
8375,42.370283,-71.033655,200.0
8377,42.370129,-71.032602,437.0
8378,42.36905,-71.033868,138.0
8425,42.256954,-71.147696,66.0
8426,42.256494,-71.146125,208.0
8427,42.256005,-71.145953,53.0
8428,42.257112,-71.146139,150.0
8429,42.257013,-71.145252,114.0
8432,42.255411,-71.144131,52.0
8521,42.309796,-71.071876,201.0
8525,42.31113,-71.06969,66.0
8526,42.309209,-71.069817,117.0
8544,42.319193,-71.066777,346.0
8546,42.318753,-71.067622,44.099999999999994
8585,42.307099,-71.061221,110.0
8586,42.308434,-71.060093,77.0
8587,42.306491,-71.059704,183.0
8590,42.305989,-71.057982,109.0
8591,42.305839,-71.059653,132.89999999999998
8608,42.30915,-71.068863,44.0
8609,42.308593,-71.070213,62.0
8636,42.30642,-71.060026,252.0
8637,42.306783,-71.060441,56.0
8638,42.306976,-71.059371,104.0
8659,42.308892,-71.070759,216.0
8661,42.307708,-71.058457,213.0
8663,42.308995,-71.068032,72.0
8666,42.309956,-71.068069,63.0
8667,42.31001,-71.070366,237.0
8668,42.310582,-71.071465,85.0
8690,42.318753,-71.067622,345.0
8691,42.319193,-71.066777,235.0
8698,42.317592,-71.068519,117.0
8700,42.317847,-71.069489,69.0
8717,42.307965,-71.059409,46.0
8765,42.271408,-71.161702,45.0
8766,42.272102,-71.161372,79.0
8768,42.27131,-71.162463,130.0
8769,42.271661,-71.163273,72.0
8770,42.27221,-71.163332,37.0
8771,42.272039,-71.162061,200.0
8772,42.272467,-71.162953,160.0
8773,42.271852,-71.164748,157.0
8774,42.272317,-71.164079,72.0
8775,42.272865,-71.164728,46.0
8813,42.285413,-71.167194,226.0
8814,42.284634,-71.166263,145.0
8815,42.284269,-71.165838,241.0
8846,42.349057,-71.176652,91.0
8847,42.348696,-71.177981,80.0
8852,42.251214,-71.119432,45.0
8853,42.250978,-71.119008,78.0
8854,42.250279,-71.118922,134.10000000000002
8857,42.249793,-71.116785,37.0
8868,42.250267,-71.121972,36.0
8869,42.250548,-71.120953,92.0
8870,42.250716,-71.121354,39.0
8872,42.246183,-71.122041,46.0
8873,42.245884,-71.121733,41.0
8880,42.244981,-71.121871,41.0
8881,42.245603,-71.120768,59.099999999999994
8890,42.237638,-71.126719,126.0
8891,42.237567,-71.127019,119.0
8892,42.236938,-71.128541,56.0
8942,42.273185,-71.16547,57.0
8943,42.272401,-71.165657,65.0
8950,42.271333,-71.16436,157.0
8954,42.270679,-71.163789,55.0
8960,42.27175,-71.164957,76.0
8961,42.27202,-71.16205,57.0
8962,42.272843,-71.162428,252.0
9035,42.27392,-71.149351,37.0
9036,42.275212,-71.149252,41.0
9037,42.273962,-71.148317,123.89999999999999
9038,42.274521,-71.145895,40.0
9039,42.274305,-71.146151,87.0
9049,42.275816,-71.147272,338.1
9050,42.276156,-71.146655,102.0
9053,42.275342,-71.148248,45.0
9054,42.27488,-71.147563,138.0
9055,42.284602,-71.166229,282.0
9067,42.354231,-71.146655,208.0
9072,42.357049,-71.145731,190.0
9073,42.355277,-71.145679,462.0
9074,42.354139,-71.145725,82.0
9077,42.354824,-71.146172,53.0
9078,42.354982,-71.146606,230.0
9086,42.3545,-71.149568,274.20000000000005
9112,42.348879,-71.153451,66.0
9113,42.348205,-71.153894,56.0
9115,42.348029,-71.153273,117.0
9119,42.34669,-71.15459,397.0
9158,42.350454,-71.179309,96.0
9252,42.337475,-71.026399,209.0
9253,42.337064,-71.027213,131.0
9266,42.335779,-71.026777,254.0
9268,42.337123,-71.025104,347.2
9269,42.336655,-71.025378,231.0
9270,42.33813,-71.025401,226.0
9271,42.336638,-71.026232,75.0
9272,42.336313,-71.025081,180.89999999999998
9273,42.335308,-71.025057,114.0
9288,42.33289,-71.029165,173.10000000000002
9289,42.332393,-71.029487,145.0
9290,42.332388,-71.029736,97.0
9291,42.331535,-71.030815,85.0
9302,42.33633,-71.027189,266.0
9312,42.330937,-71.041403,113.0
9313,42.330505,-71.04307,39.0
9327,42.335511,-71.042686,203.0
9330,42.334622,-71.047494,65.0
9334,42.332597,-71.049814,150.89999999999998
9335,42.332949,-71.049171,127.2
9337,42.333313,-71.048263,149.0
9338,42.33344,-71.049047,134.0
9340,42.332938,-71.049675,219.0
9344,42.333409,-71.051811,216.0
9345,42.334045,-71.052593,77.0
9346,42.334365,-71.052982,72.0
9347,42.334813,-71.052819,284.90000000000003
9348,42.334863,-71.050876,59.0
9349,42.334719,-71.04981,86.0
9350,42.334258,-71.04838,112.0
9351,42.334811,-71.049135,77.0
9352,42.33452,-71.047729,117.0
9355,42.335291,-71.048145,55.0
9366,42.351433,-71.17719,73.0
9367,42.350441,-71.176818,35.0
9368,42.35042,-71.177735,327.0
9369,42.350096,-71.178654,43.0
9397,42.342965,-71.079995,68.0
9398,42.34235,-71.079572,286.0
9399,42.342963,-71.077201,298.0
9400,42.342711,-71.076956,65.0
9401,42.341986,-71.076244,344.8
9402,42.341748,-71.076959,212.8
9403,42.342345,-71.077537,362.0
9405,42.342754,-71.076113,80.0
9406,42.342063,-71.07543,153.0
9407,42.341724,-71.075021,62.0
9408,42.343046,-71.073365,427.2
9409,42.342985,-71.073826,144.0
9411,42.340837,-71.073981,64.0
9412,42.341197,-71.074023,155.0
9413,42.340782,-71.074676,171.0
9424,42.341469,-71.078923,101.0
9425,42.340915,-71.078519,75.0
9426,42.340887,-71.077381,82.0
9427,42.341854,-71.075576,150.0
9428,42.341172,-71.076842,354.0
9429,42.341828,-71.078115,342.0
9430,42.342013,-71.078429,309.0
9431,42.341672,-71.078097,72.0
9589,42.309796,-71.071876,221.0
9595,42.310246,-71.069043,55.0
9599,42.317347,-71.065818,51.0
9604,42.319486,-71.06797,93.0
9611,42.318139,-71.067622,381.0
9612,42.318229,-71.06784,121.0
9619,42.317192,-71.068023,49.0
9620,42.317578,-71.067668,44.0
9621,42.318089,-71.067843,51.0
9658,42.284887,-71.165177,93.0
9659,42.286042,-71.165137,53.0
9662,42.286763,-71.16639,93.0
9722,42.286945,-71.146987,120.0
9749,42.289909,-71.133241,50.0
9753,42.291029,-71.132847,38.0
9755,42.292227,-71.133216,90.0
9761,42.292404,-71.133822,82.0
9762,42.290577,-71.133346,195.2
9763,42.291825,-71.136319,200.0
9764,42.290306,-71.134207,208.8
9765,42.289529,-71.134586,51.0
9766,42.290271,-71.135402,47.0
9857,42.246256,-71.118549,318.0
9863,42.244927,-71.121986,127.0
9868,42.244534,-71.118694,94.0
9878,42.237788,-71.12683,45.0
9879,42.237972,-71.127385,43.0
9880,42.237255,-71.128083,82.0
9881,42.236843,-71.127949,154.0
9882,42.2367,-71.127521,114.0
9883,42.236579,-71.127054,167.0
9884,42.236186,-71.128209,150.0
9955,42.334622,-71.047494,110.0
9958,42.331947,-71.031658,99.0
9959,42.331534,-71.031689,133.0
9983,42.335487,-71.044041,69.0
9984,42.3355,-71.043091,67.0
9985,42.33551,-71.04264,111.0
9991,42.332985,-71.042791,126.0
9992,42.332974,-71.043175,133.0
9993,42.332962,-71.043484,171.0
9997,42.332171,-71.04226,157.0
9998,42.332171,-71.042559,62.0
9999,42.33171,-71.041981,42.0
10000,42.33138,-71.040987,299.1
10002,42.331562,-71.04143,499.2
10003,42.330963,-71.041404,74.0
10007,42.330511,-71.042668,137.10000000000002
10008,42.330498,-71.043458,316.0
10149,42.332932,-71.029443,263.2
10150,42.332391,-71.029564,62.0
10151,42.332392,-71.029564,116.0
10152,42.332393,-71.029487,92.0
10153,42.332404,-71.028593,81.0
10154,42.331041,-71.030773,82.0
10155,42.331535,-71.030815,88.0
10156,42.332354,-71.031631,204.8
10166,42.331328,-71.03117,236.0
10167,42.331777,-71.031174,153.89999999999998
10172,42.310753,-71.115285,53.0
10173,42.310814,-71.116014,45.0
10174,42.310209,-71.116045,77.0
10175,42.310053,-71.114756,102.0
10176,42.310002,-71.113482,167.10000000000002
10187,42.311043,-71.120298,226.79999999999998
10188,42.31175,-71.119197,58.0
10191,42.311298,-71.114475,101.0
10194,42.315938,-71.103465,355.20000000000005
10195,42.315501,-71.103357,167.0
10201,42.314911,-71.107026,243.0
10202,42.316145,-71.107379,89.0
10218,42.31445,-71.116186,127.2
10219,42.314669,-71.11429,227.0
10220,42.314342,-71.114927,67.0
10221,42.314286,-71.114701,84.0
10267,42.309835,-71.112766,35.0
10268,42.310745,-71.112121,61.0
10271,42.30857,-71.114191,105.89999999999999
10427,42.337709,-71.043991,164.0
10428,42.337536,-71.043729,123.0
10429,42.337202,-71.04234,235.0
10430,42.3372,-71.042271,190.0
10431,42.337194,-71.042391,207.0
10432,42.337107,-71.043471,372.0
10433,42.336871,-71.043754,57.0
10434,42.336574,-71.043438,223.0
10435,42.336507,-71.043206,154.0
10436,42.336445,-71.042982,236.0
10437,42.336522,-71.044173,440.0
10438,42.33634,-71.044024,181.0
10439,42.336343,-71.043967,112.0
10440,42.33635,-71.043562,103.0
10441,42.336355,-71.043384,102.0
10442,42.336361,-71.043022,180.0
10443,42.336193,-71.041573,408.09999999999997
10444,42.336611,-71.04159,230.0
10445,42.336836,-71.041592,84.0
10446,42.336405,-71.041047,109.0
10447,42.337499,-71.043048,159.0
10512,42.337473,-71.026359,158.0
10513,42.337479,-71.025852,187.2
10514,42.337347,-71.027227,222.89999999999998
10517,42.336387,-71.027193,146.10000000000002
10533,42.338009,-71.044421,200.0
10534,42.337541,-71.043739,196.0
10537,42.337194,-71.042391,421.0
10538,42.336916,-71.043698,280.8
10539,42.336571,-71.044114,255.2
10540,42.336507,-71.043206,490.0
10541,42.336353,-71.043411,54.0
10542,42.336405,-71.041047,107.0
10543,42.336611,-71.04159,271.0
10544,42.337194,-71.042391,312.0
10545,42.337526,-71.043018,101.0
10548,42.337227,-71.040873,126.0
10562,42.337469,-71.026822,216.0
10563,42.337479,-71.025852,250.0
10564,42.336992,-71.027214,186.0
10565,42.336364,-71.027192,196.0
10709,42.367939,-71.03385,344.1
10710,42.368114,-71.034251,105.89999999999999
10711,42.368198,-71.034455,75.0
10712,42.368449,-71.03503,96.0
10713,42.368541,-71.035242,256.8
10714,42.370367,-71.034527,60.0
10718,42.370298,-71.03241,212.0
10719,42.369356,-71.032965,87.0
10720,42.37012,-71.033844,108.0
10735,42.368189,-71.034871,126.0
10763,42.341102,-71.07982,186.0
10765,42.341847,-71.080246,378.0
10766,42.341511,-71.078977,93.0
10767,42.342965,-71.079995,251.0
10771,42.34255,-71.079376,110.0
10772,42.342764,-71.078966,94.0
10773,42.343252,-71.077419,94.0
10774,42.342451,-71.07675,168.0
10775,42.342416,-71.076716,134.0
10776,42.342339,-71.076644,64.0
10777,42.342197,-71.076499,187.0
10778,42.341087,-71.076991,181.0
10779,42.341851,-71.077096,309.0
10780,42.342445,-71.077681,208.0
10781,42.342815,-71.076165,122.0
10782,42.341969,-71.073693,259.0
10783,42.343034,-71.073354,283.20000000000005
10784,42.343447,-71.074052,107.0
10785,42.343053,-71.075251,65.0
10786,42.342265,-71.074797,345.0
10787,42.341735,-71.07503,80.1
10792,42.341186,-71.0744,151.0
10814,42.326278,-71.05836,315.2
10815,42.32564,-71.057742,231.89999999999998
10816,42.325287,-71.05856,192.0
10817,42.325149,-71.058061,255.89999999999998
10919,42.296148,-71.064546,158.10000000000002
10920,42.297013,-71.06396,152.8
10921,42.29721,-71.065032,61.0
10922,42.297621,-71.064168,89.0
10923,42.297854,-71.06337,80.0
10937,42.29517,-71.066932,71.0
10938,42.294749,-71.06647,179.10000000000002
10941,42.293989,-71.067469,151.0
10942,42.29309,-71.067181,80.0
10945,42.292762,-71.066122,113.0
10954,42.293182,-71.06561,38.0
10955,42.293684,-71.065008,69.0
10956,42.293112,-71.06406,93.0
10958,42.292714,-71.063301,79.0
10959,42.292874,-71.062742,151.2
10960,42.294596,-71.060312,207.0
10972,42.295217,-71.060744,245.2
10973,42.294644,-71.062323,81.0
10974,42.295383,-71.062498,471.59999999999997
10975,42.294395,-71.061874,234.0
10976,42.294619,-71.063569,44.0
10977,42.293991,-71.060753,119.2
10978,42.292972,-71.061127,158.0
10980,42.272506,-71.102315,147.89999999999998
10981,42.272463,-71.101752,85.0
10982,42.273345,-71.10159,57.0
10983,42.272582,-71.101037,117.0
11137,42.328052,-71.079792,206.0
11138,42.328517,-71.080286,206.0
11139,42.329236,-71.081971,87.0
11146,42.32946,-71.080582,239.0
11147,42.329333,-71.079779,92.0
11149,42.328327,-71.080571,214.0
11168,42.329223,-71.092197,135.0
11169,42.328531,-71.092107,49.0
11170,42.327963,-71.092437,431.09999999999997
11171,42.327914,-71.092944,159.0
11172,42.328575,-71.092637,164.0
11174,42.329859,-71.094995,69.0
11175,42.330206,-71.093634,105.0
11176,42.329839,-71.092455,136.0
11177,42.329521,-71.093704,79.0
11178,42.329278,-71.094823,60.0
11179,42.32844,-71.094814,226.0
11251,42.289528,-71.062471,91.0
11252,42.289397,-71.061984,156.0
11253,42.289822,-71.061276,52.0
11255,42.289045,-71.062121,51.0
11256,42.288969,-71.060075,79.0
11257,42.2896,-71.063224,74.0
11284,42.288173,-71.060977,39.0
11285,42.287709,-71.062776,63.2
11286,42.287475,-71.061696,40.0
11389,42.329942,-71.057272,190.0
11390,42.329122,-71.057308,40.0
11391,42.328432,-71.057718,200.0
11392,42.327642,-71.056915,100.0
11393,42.328341,-71.056936,219.2
11394,42.329108,-71.05695,125.0
11395,42.329293,-71.056446,228.0
11396,42.32857,-71.05652,45.0
11408,42.329247,-71.053961,55.0
11409,42.328882,-71.054713,436.0
11410,42.328757,-71.055701,165.0
11411,42.328049,-71.054826,105.0
11412,42.32777,-71.054276,300.0
11413,42.327497,-71.05374,314.0
11417,42.32777,-71.054276,179.0
11418,42.329582,-71.054402,462.0
11419,42.329582,-71.054402,60.0
11420,42.332623,-71.049812,152.0
11421,42.332956,-71.048633,125.0
11422,42.333898,-71.048283,90.0
11423,42.333085,-71.049035,40.0
11428,42.333047,-71.051367,449.0
11429,42.333715,-71.051431,99.89999999999999
11430,42.334048,-71.051037,80.0
11431,42.333936,-71.051797,60.0
11432,42.334368,-71.052986,127.0
11433,42.334747,-71.051541,185.0
11434,42.334045,-71.052593,35.0
11435,42.334785,-71.052848,265.20000000000005
11436,42.335352,-71.053493,75.0
11437,42.335601,-71.053869,215.0
11438,42.335309,-71.050721,145.0
11439,42.335042,-71.050311,35.0
11440,42.334251,-71.048213,35.0
11441,42.334692,-71.048944,84.9
11442,42.335237,-71.049633,125.0
11444,42.33452,-71.047729,312.8
11445,42.33498,-71.048516,120.0
11446,42.334976,-71.048512,105.0
11447,42.335096,-71.048693,95.1
11451,42.332195,-71.042961,50.0
11452,42.332166,-71.043209,168.0
11453,42.331667,-71.04415,331.2
11454,42.33129,-71.044681,390.0
11455,42.331316,-71.04311,120.0
11467,42.333467,-71.049896,95.1
11468,42.333647,-71.049507,85.0
11469,42.334125,-71.050581,60.0
11470,42.333847,-71.050146,55.0
11471,42.333005,-71.050921,100.0
11474,42.328882,-71.054713,40.0
11488,42.342477,-71.080296,487.19999999999993
11489,42.342369,-71.079595,383.2
11490,42.342836,-71.078877,137.0
11491,42.341806,-71.075653,414.0
11492,42.341561,-71.076115,89.0
11493,42.341236,-71.076719,143.0
11494,42.341847,-71.077091,92.0
11495,42.341735,-71.07503,170.0
11496,42.341121,-71.075287,190.0
11497,42.341304,-71.075521,85.0
11498,42.342265,-71.074797,113.0
11499,42.343034,-71.073354,135.0
11500,42.341969,-71.073693,389.0
11501,42.340921,-71.074441,434.0
11514,42.340658,-71.077806,109.0
11515,42.340838,-71.077461,254.0
11516,42.341561,-71.077859,245.2
11519,42.335723,-71.044274,313.6
11520,42.336916,-71.04501,220.0
11527,42.336376,-71.044942,87.0
11528,42.337032,-71.044439,171.89999999999998
11545,42.337115,-71.052829,92.0
11546,42.336218,-71.052129,118.0
11547,42.33621,-71.051277,254.10000000000002
11548,42.336623,-71.051921,47.0
11549,42.336344,-71.052325,370.79999999999995
11550,42.335998,-71.051407,119.0
11551,42.336294,-71.051067,145.0
11552,42.335753,-71.049708,232.0
11553,42.336182,-71.050368,62.0
11554,42.337104,-71.051775,85.0
11555,42.336819,-71.051104,146.0
11556,42.336938,-71.04989,201.0
11560,42.337489,-71.049808,275.0
11561,42.338219,-71.050943,68.0
11569,42.336636,-71.05342,252.0
11572,42.335728,-71.053063,243.2
11573,42.33563,-71.052917,93.0
11574,42.335424,-71.05209,154.0
11575,42.336395,-71.053254,47.0
11576,42.335927,-71.052522,104.0
11590,42.343332,-71.077879,359.0
11591,42.342851,-71.078942,147.0
11592,42.343211,-71.079921,156.0
11593,42.34346,-71.078203,243.0
11600,42.346929,-71.075785,175.0
11601,42.346933,-71.073929,257.40000000000003
11604,42.347054,-71.073443,162.0
11657,42.297621,-71.065368,94.0
11659,42.297872,-71.063305,96.0
11660,42.297568,-71.064335,47.0
11661,42.297242,-71.063117,352.8
11662,42.29707,-71.063761,157.8
11663,42.296143,-71.064237,73.0
11664,42.295261,-71.064458,155.2
11665,42.294952,-71.065684,442.0
11681,42.293772,-71.066739,132.89999999999998
11758,42.294749,-71.06647,104.0
11789,42.33748,-71.025835,352.0
11792,42.337031,-71.027215,61.0
11796,42.336495,-71.027196,149.0
11805,42.335784,-71.02673,104.0
11806,42.335803,-71.025591,99.0
11807,42.335803,-71.025418,104.0
11808,42.336311,-71.025072,209.0
11809,42.336652,-71.025625,186.0
11832,42.332391,-71.029752,181.0
11833,42.332393,-71.029648,490.0
11834,42.332402,-71.028522,216.8
11835,42.331697,-71.029387,113.0
11836,42.331553,-71.030679,121.0
11837,42.331549,-71.030822,86.0
11838,42.332367,-71.030775,41.0
11839,42.332368,-71.030649,105.0
11840,42.332367,-71.030809,79.0
11841,42.332347,-71.032007,239.0
11849,42.331462,-71.031148,146.10000000000002
11850,42.332166,-71.031174,81.0
11955,42.347942,-71.155091,79.0
11956,42.348208,-71.1551,70.0
11962,42.348712,-71.152806,206.0
11963,42.348088,-71.152711,42.0
11964,42.347765,-71.1514,372.0
11965,42.346938,-71.151916,333.0
11966,42.346593,-71.152414,192.0
11967,42.345933,-71.152956,127.0
11968,42.34505,-71.152788,310.09999999999997
11969,42.345561,-71.152909,130.0
11970,42.346142,-71.152673,284.0
11971,42.345707,-71.150879,162.0
11972,42.345577,-71.150322,275.2
11974,42.346429,-71.150866,286.20000000000005
11979,42.345496,-71.149976,203.0
11980,42.345285,-71.149112,140.10000000000002
11988,42.341808,-71.147442,329.1
11989,42.342301,-71.147166,57.0
11997,42.344786,-71.151183,128.0
11998,42.344671,-71.15135,288.0
11999,42.343241,-71.150164,387.09999999999997
12000,42.34292,-71.149354,54.0
12001,42.342799,-71.14869,94.0
12002,42.342852,-71.148026,93.9
12003,42.343634,-71.148189,115.0
12004,42.343785,-71.149393,77.1
12006,42.329476,-71.054433,336.0
12010,42.334451,-71.054068,210.0
12011,42.326513,-71.055332,435.2
12014,42.328745,-71.057786,184.0
12015,42.336912,-71.045014,174.0
12016,42.334733,-71.05442,198.0
12017,42.336016,-71.051388,273.0
12020,42.328892,-71.057429,265.0
12022,42.335517,-71.054569,440.0
12023,42.33686,-71.050397,363.9
12026,42.335652,-71.054573,124.0
12028,42.335465,-71.052657,43.0
12029,42.333862,-71.052386,129.0
12033,42.336938,-71.044307,116.0
12035,42.33628,-71.050517,81.0
12047,42.337502,-71.050753,66.0
12050,42.335771,-71.049735,184.0
12052,42.328852,-71.054243,92.0
12053,42.3292,-71.058258,208.0
12055,42.328306,-71.055327,106.0
12059,42.329738,-71.05468,152.10000000000002
12060,42.336421,-71.052503,356.8
12061,42.335906,-71.052494,167.10000000000002
12063,42.336371,-71.044934,35.0
12064,42.337206,-71.051132,41.0
12065,42.336842,-71.05139,141.0
12068,42.335707,-71.053038,57.0
12072,42.329855,-71.05572,161.0
12074,42.336594,-71.050185,42.0
12075,42.329105,-71.056932,204.0
12077,42.337916,-71.051383,132.0
12078,42.328722,-71.055692,256.0
12079,42.337389,-71.049795,67.0
12080,42.336404,-71.05368,199.0
12082,42.337256,-71.052657,253.0
12097,42.285608,-71.166021,45.0
12099,42.287185,-71.16508,60.0
12112,42.284511,-71.148262,60.0
12127,42.286254,-71.164231,81.0
12142,42.286042,-71.165137,287.0
12151,42.286555,-71.166678,55.0
12208,42.28612,-71.166222,45.0
12213,42.314974,-71.113325,65.0
12218,42.315119,-71.106156,60.0
12221,42.316145,-71.114352,339.9
12233,42.313848,-71.105105,240.0
12234,42.315943,-71.105545,165.0
12241,42.316461,-71.115187,215.10000000000002
12246,42.315227,-71.115959,385.0
12253,42.316259,-71.114648,93.0
12259,42.316838,-71.113524,186.0
12266,42.314741,-71.112229,415.0
12278,42.316354,-71.10597,135.0
12303,42.35311,-71.167816,51.0
12308,42.350318,-71.178147,48.0
12312,42.350287,-71.179229,99.0
12321,42.33416,-71.048565,97.0
12323,42.335498,-71.042686,196.0
12330,42.334366,-71.050965,222.0
12333,42.335659,-71.051259,107.0
12334,42.333447,-71.049041,112.0
12336,42.332936,-71.049606,328.8
12341,42.335826,-71.041998,176.0
12345,42.332969,-71.042902,132.89999999999998
12348,42.335291,-71.050693,122.0
12351,42.330496,-71.043426,389.90000000000003
12354,42.332598,-71.041933,102.0
12358,42.333934,-71.051813,151.0
12359,42.334398,-71.053023,83.0
12366,42.33373,-71.051407,294.0
12368,42.335774,-71.054156,51.0
12372,42.335484,-71.043541,117.0
12389,42.330914,-71.041419,178.0
12394,42.335243,-71.049611,234.0
12401,42.333714,-71.048263,353.1
12408,42.331991,-71.041438,142.0
12410,42.334975,-71.049368,100.0
12414,42.33509,-71.052083,126.0
12419,42.355712,-71.159357,278.0
12421,42.351949,-71.165243,230.0
12437,42.355258,-71.158601,129.0
12441,42.351599,-71.165166,61.0
12444,42.35223,-71.16423,256.0
12445,42.3536,-71.166592,37.0
12456,42.352421,-71.164784,100.0
12459,42.355504,-71.152242,153.0
12462,42.35304,-71.167805,276.0
12463,42.354934,-71.158445,158.0
12466,42.354857,-71.158771,110.0
12467,42.349755,-71.176782,79.0
12476,42.355587,-71.157427,135.0
12490,42.349695,-71.177413,50.0
12492,42.356155,-71.157635,85.0
12494,42.352095,-71.167687,45.0
12497,42.356445,-71.16025,60.0
12503,42.351822,-71.165678,55.0
12507,42.355388,-71.151496,75.0
12512,42.356574,-71.159259,78.0
12514,42.352625,-71.167753,137.0
12517,42.350584,-71.175797,126.0
12518,42.351634,-71.167627,75.0
12528,42.355894,-71.158033,156.0
12657,42.356202,-71.161523,38.0
12661,42.355157,-71.150858,67.0
12668,42.351828,-71.165655,94.0
12670,42.352127,-71.166721,67.0
12681,42.355741,-71.159784,51.0
12684,42.353322,-71.167781,108.0
12687,42.353124,-71.164506,63.0
12690,42.355046,-71.159884,43.0
12692,42.350434,-71.177175,143.0
12707,42.355209,-71.160764,55.0
12708,42.349518,-71.178128,36.0
12712,42.350417,-71.176344,65.0
12717,42.352224,-71.16427,242.0
12718,42.351128,-71.17826,60.0
12722,42.355393,-71.158664,204.89999999999998
12723,42.353591,-71.166557,249.89999999999998
12724,42.352098,-71.167686,44.0
12728,42.352675,-71.166699,64.0
12729,42.356102,-71.157852,42.0
12731,42.35462,-71.161287,51.0
12734,42.3547,-71.158339,104.10000000000001
12737,42.354334,-71.158169,41.0
12740,42.35293,-71.1684,53.0
12743,42.350099,-71.175881,92.0
12746,42.353617,-71.164824,46.0
12749,42.355235,-71.161708,188.8
12790,42.294031,-71.065852,96.0
12796,42.301908,-71.05721,97.0
12810,42.29456,-71.063924,179.0
12815,42.302644,-71.057086,54.0
12829,42.300244,-71.058983,164.10000000000002
12832,42.293291,-71.05976,64.0
12853,42.301418,-71.05972,77.0
12856,42.302657,-71.061352,160.0
12857,42.302563,-71.05956,156.0
12858,42.295217,-71.060744,60.0
12860,42.292637,-71.065556,42.0
12864,42.295383,-71.062498,72.0
12869,42.29454,-71.061034,63.0
12870,42.300961,-71.057289,42.0
12876,42.293928,-71.065077,88.0
12882,42.301453,-71.0579,110.0
12887,42.302776,-71.060428,59.0
12888,42.293053,-71.064462,129.0
12892,42.293274,-71.063459,115.0
12896,42.293492,-71.064954,59.0
12904,42.301981,-71.060773,41.0
12907,42.331352,-71.041755,48.0
12910,42.332177,-71.042279,139.0
12912,42.330841,-71.041418,49.0
12966,42.331703,-71.041434,91.0
12970,42.332963,-71.043225,398.0
12989,42.332576,-71.029127,442.8
13004,42.332367,-71.030773,292.0
13005,42.331064,-71.030719,63.0
13012,42.330719,-71.031455,355.0
13013,42.332973,-71.043097,56.0
13014,42.332173,-71.04216,151.0
13020,42.332402,-71.028543,197.0
13022,42.333205,-71.029883,323.0
13023,42.332955,-71.043667,190.0
13025,42.331801,-71.02916,42.0
13033,42.331976,-71.041443,45.0
13038,42.331973,-71.028739,49.0
13050,42.335791,-71.026284,195.0
13065,42.336629,-71.026616,435.0
13066,42.331973,-71.028739,111.0
13123,42.302731,-71.061388,80.0
13142,42.289415,-71.061993,62.0
13147,42.288308,-71.060309,107.0
13158,42.30256,-71.05956,243.0
13181,42.287665,-71.062969,54.0
13200,42.288016,-71.061592,230.10000000000002
13201,42.287148,-71.061189,60.0
13225,42.289178,-71.061588,71.0
13236,42.287266,-71.062519,67.0
13240,42.289268,-71.061223,73.0
13241,42.288996,-71.059966,47.099999999999994
13265,42.27202,-71.16205,107.0
13272,42.275821,-71.148978,101.0
13291,42.273767,-71.163219,40.0
13294,42.283927,-71.16542,125.0
13310,42.272457,-71.162985,258.0
13328,42.271256,-71.164198,70.0
13330,42.274833,-71.149604,91.0
13340,42.275278,-71.149367,53.0
13345,42.272646,-71.161743,120.0
13347,42.272764,-71.16389,51.0
13359,42.272152,-71.161364,206.0
13368,42.273208,-71.163232,188.0
13369,42.272043,-71.163744,87.0
13372,42.314922,-71.115072,150.0
13379,42.314108,-71.113302,402.0
13381,42.315246,-71.103076,110.0
13389,42.314535,-71.103326,125.0
13394,42.315908,-71.103784,430.0
13398,42.314922,-71.115072,179.10000000000002
13415,42.314266,-71.114639,246.0
13416,42.314358,-71.114116,256.0
13431,42.314746,-71.114528,105.0
13435,42.315439,-71.104204,185.0
13449,42.314649,-71.10734,55.0
13460,42.349885,-71.175442,300.0
13464,42.349796,-71.176266,314.0
13469,42.353817,-71.167789,124.0
13478,42.351106,-71.178898,113.0
13481,42.352731,-71.167768,106.0
13483,42.351418,-71.1772,61.0
13485,42.350947,-71.176158,66.0
13489,42.351229,-71.178186,63.0
13505,42.332267,-71.02913,63.0
13507,42.331321,-71.031169,50.0
13512,42.331535,-71.030815,58.0
13516,42.335779,-71.026706,321.0
13525,42.332404,-71.028593,276.0
13527,42.331608,-71.029575,84.0
13531,42.336034,-71.025071,77.0
13549,42.335388,-71.025058,230.0
13552,42.336929,-71.025098,105.0
13569,42.342914,-71.078928,230.0
13571,42.347008,-71.073402,369.0
13572,42.347062,-71.072645,366.0
13573,42.343343,-71.077846,158.0
13578,42.346222,-71.073023,43.0
13583,42.346836,-71.071653,291.9
13585,42.34265,-71.074073,144.0
13587,42.343326,-71.074976,277.0
13590,42.346958,-71.075799,177.0
13594,42.346505,-71.072675,442.0
13595,42.330503,-71.042552,70.0
13607,42.332957,-71.04367,237.0
13609,42.332966,-71.043114,144.89999999999998
13617,42.336024,-71.041306,97.0
13624,42.335505,-71.042174,264.9
13628,42.33244,-71.041316,150.0
13638,42.332197,-71.041062,77.0
13640,42.331364,-71.041546,65.0
13677,42.252124,-71.116464,61.0
13685,42.266599,-71.114269,45.0
13688,42.245791,-71.118077,44.0
13689,42.249385,-71.119732,39.0
13691,42.245454,-71.118823,67.0
13692,42.250565,-71.120939,294.9
13693,42.246247,-71.11854,35.0
13695,42.266484,-71.113172,53.0
13697,42.251233,-71.120275,187.0
13708,42.263276,-71.119064,55.0
13710,42.250569,-71.114844,52.0
13716,42.24536,-71.119839,51.0
13718,42.26298,-71.117289,110.0
13720,42.244534,-71.118694,55.0
13740,42.251329,-71.117,53.0
13745,42.264223,-71.117093,47.0
13747,42.258723,-71.119829,46.0
13748,42.249708,-71.118304,61.0
13749,42.249695,-71.120054,85.0
13754,42.246003,-71.12006,106.0
13759,42.251741,-71.119401,43.0
13763,42.263457,-71.116389,42.0
13765,42.250243,-71.113443,60.0
13780,42.336556,-71.044142,131.0
13781,42.337334,-71.044132,109.0
13787,42.337491,-71.025798,279.0
13790,42.337008,-71.027212,117.0
13792,42.336511,-71.043213,255.2
13796,42.336392,-71.041967,119.0
13801,42.33684,-71.04159,119.0
13803,42.337107,-71.043509,262.0
13806,42.337339,-71.027221,71.0
13808,42.337475,-71.026399,97.0
13809,42.33717,-71.043111,104.0
13820,42.337698,-71.043992,277.79999999999995
13825,42.336099,-71.02718,104.0
13829,42.338041,-71.042219,223.2
13831,42.336921,-71.043708,140.0
13837,42.336616,-71.027493,128.0
13844,42.3366,-71.04159,422.0
13868,42.313961,-71.10504,96.0
13872,42.316601,-71.114093,215.10000000000002
13874,42.31512,-71.106156,121.0
13883,42.316019,-71.115613,231.89999999999998
13887,42.315303,-71.116199,278.0
13897,42.316247,-71.114652,325.20000000000005
13900,42.31432,-71.106511,211.0
13908,42.316279,-71.10568,210.0
13910,42.314993,-71.105977,156.0
13913,42.316415,-71.106251,288.8
13919,42.303683,-71.106794,155.0
13932,42.303821,-71.105776,308.1
13936,42.308775,-71.115577,121.0
13942,42.311806,-71.122246,73.0
13944,42.303969,-71.104769,184.8
13945,42.304436,-71.10661,164.10000000000002
13954,42.302918,-71.105883,174.0
13971,42.311129,-71.121227,97.0
13975,42.311824,-71.121348,91.0
13977,42.304924,-71.106565,40.0
13979,42.31263,-71.12215,129.0
13991,42.303288,-71.106506,183.89999999999998
13993,42.304856,-71.105731,300.0
13997,42.303776,-71.10732,103.0
13999,42.305448,-71.107413,228.89999999999998
14003,42.305807,-71.105653,144.0
14008,42.304416,-71.107137,96.0
14014,42.304911,-71.107252,98.0
14019,42.331325,-71.031169,126.0
14034,42.33197,-71.028761,122.0
14035,42.331535,-71.030815,73.0
14049,42.331653,-71.029484,169.0
14066,42.332404,-71.028593,375.2
14081,42.332368,-71.030761,161.0
14084,42.332932,-71.029443,287.0
14088,42.332392,-71.029564,285.0
14102,42.337176,-71.042375,107.0
14104,42.337212,-71.04092,124.0
14110,42.337698,-71.043992,223.0
14116,42.336406,-71.042829,91.0
14119,42.335786,-71.026108,243.0
14122,42.336556,-71.044142,185.10000000000002
14124,42.337008,-71.027212,147.0
14125,42.336034,-71.025071,94.0
14127,42.337339,-71.027221,60.0
14128,42.337491,-71.025798,79.0
14131,42.336359,-71.043382,49.0
14146,42.33684,-71.04159,243.0
14150,42.336569,-71.043413,162.0
14151,42.33635,-71.043764,314.0
14153,42.336929,-71.043698,165.0
14156,42.338041,-71.042219,343.0
14171,42.337513,-71.043034,157.0
14172,42.33641,-71.041004,93.0
14267,42.315408,-71.104236,69.0
14270,42.310958,-71.114171,93.0
14275,42.316146,-71.107378,171.0
14277,42.310022,-71.113844,58.0
14282,42.315364,-71.103642,396.90000000000003
14285,42.314079,-71.112853,196.0
14288,42.30856,-71.114415,89.0
14295,42.310167,-71.113453,122.0
14301,42.316984,-71.105274,150.0
14307,42.314604,-71.114096,168.0
14310,42.309933,-71.115304,419.0
14313,42.308601,-71.11389,70.0
14322,42.314925,-71.107015,358.20000000000005
14324,42.308508,-71.115128,63.0
14326,42.309375,-71.112362,174.89999999999998
14327,42.309467,-71.113679,104.0
14329,42.314557,-71.11611,66.0
14334,42.309251,-71.115982,194.10000000000002
14343,42.31591,-71.103777,107.0
14357,42.236172,-71.128094,127.0
14361,42.250266,-71.121963,54.0
14362,42.249758,-71.115387,56.0
14365,42.245184,-71.119655,73.0
14369,42.250899,-71.114807,100.0
14378,42.250065,-71.117,38.0
14380,42.246435,-71.120949,196.0
14381,42.246003,-71.12006,48.0
14383,42.250565,-71.120939,58.0
14388,42.25069,-71.115033,61.0
14390,42.237588,-71.127167,81.0
14392,42.236899,-71.128141,46.0
14399,42.249357,-71.114955,50.0
14404,42.250095,-71.118314,67.0
14413,42.244747,-71.120578,114.89999999999999
14437,42.257355,-71.147276,265.0
14440,42.256127,-71.14408,97.0
14480,42.257025,-71.147856,131.10000000000002
14514,42.25664,-71.146729,123.0
14517,42.255806,-71.145707,97.0
14532,42.273684,-71.078079,144.89999999999998
14546,42.274593,-71.078909,55.0
14549,42.272572,-71.073091,128.0
14550,42.275705,-71.06841,105.0
14555,42.268869,-71.070569,55.0
14579,42.271842,-71.072557,144.0
14581,42.271896,-71.071571,204.8
14582,42.27371,-71.071786,136.0
14583,42.274222,-71.079614,60.0
14588,42.269595,-71.070889,170.10000000000002
14593,42.268866,-71.069032,238.0
14594,42.272814,-71.071498,91.0
14595,42.273232,-71.06991,111.0
14597,42.273907,-71.070366,105.0
14708,42.309208,-71.116103,198.89999999999998
14716,42.316206,-71.107343,177.0
14726,42.309467,-71.113679,66.0
14732,42.315682,-71.103329,45.0
14736,42.310862,-71.115977,58.0
14773,42.310482,-71.112355,126.89999999999999
14774,42.30958,-71.112935,68.0
14777,42.310022,-71.115832,87.0
14784,42.314953,-71.115173,451.20000000000005
14798,42.335779,-71.026777,218.0
14808,42.337475,-71.026399,255.89999999999998
14819,42.335388,-71.025058,448.0
14821,42.336648,-71.025703,166.0
14824,42.333195,-71.029812,333.9
14833,42.332392,-71.029564,143.0
14837,42.331944,-71.031656,88.0
14838,42.332404,-71.028593,144.0
14839,42.337008,-71.027212,105.0
14844,42.332153,-71.028304,71.0
14846,42.336625,-71.026819,59.0
14855,42.332368,-71.030761,130.9
14858,42.319012,-71.067135,165.0
14859,42.309142,-71.068873,49.0
14865,42.309457,-71.071407,86.0
14866,42.306418,-71.060023,192.0
14876,42.318025,-71.06591,102.0
14887,42.309768,-71.071832,162.0
14896,42.309955,-71.068082,481.0
14903,42.31004,-71.069192,104.0
14912,42.307614,-71.059433,254.0
14922,42.310568,-71.068294,102.0
14924,42.309056,-71.070853,76.0
14926,42.31831,-71.066496,98.0
14931,42.31062,-71.069908,81.0
14943,42.310141,-71.070263,142.0
14954,42.319533,-71.068037,493.0
14956,42.30814,-71.059642,58.0
14961,42.332405,-71.028221,71.0
14965,42.33197,-71.028761,50.0
14966,42.331885,-71.031173,65.0
14972,42.332368,-71.030761,300.8
14975,42.331457,-71.031176,195.89999999999998
14976,42.33076,-71.031331,151.0
14989,42.335795,-71.025457,321.0
14993,42.337,-71.0251,151.0
15000,42.337475,-71.026399,81.0
15003,42.331521,-71.031935,90.0
15006,42.336628,-71.026592,85.0
15011,42.336648,-71.025862,171.0
15012,42.335308,-71.025057,72.0
15013,42.332893,-71.029166,252.0
15020,42.335776,-71.026897,44.0
15021,42.337093,-71.027214,430.0
15022,42.332404,-71.028593,89.0
15026,42.312902,-71.118759,200.0
15027,42.312387,-71.120516,60.0
15036,42.308599,-71.113849,105.0
15045,42.311525,-71.119031,101.0
15047,42.314991,-71.104521,189.0
15049,42.312394,-71.121421,96.0
15060,42.311676,-71.120463,400.0
15061,42.314437,-71.115154,126.0
15063,42.316139,-71.107383,96.0
15072,42.314317,-71.114824,65.0
15080,42.314974,-71.115221,156.0
15086,42.310037,-71.114135,215.0
15091,42.316983,-71.105308,362.0
15093,42.314672,-71.115095,109.0
15094,42.309987,-71.112666,70.0
15096,42.309999,-71.113769,60.0
15097,42.314399,-71.112908,151.0
15109,42.310193,-71.11505,176.0
15112,42.314453,-71.104261,270.0
15113,42.315144,-71.106826,140.0
15117,42.315723,-71.10391,255.0
15124,42.313718,-71.114101,125.0
15128,42.31175,-71.119197,505.0
15129,42.316283,-71.103424,72.0
15131,42.313603,-71.119996,70.0
15142,42.309357,-71.11233,95.0
15151,42.342115,-71.158584,84.0
15159,42.353091,-71.164595,247.0
15163,42.341791,-71.156833,54.0
15190,42.341868,-71.158735,41.0
15193,42.341866,-71.157747,87.0
15227,42.342625,-71.158248,41.0
15229,42.342489,-71.156627,265.0
15239,42.341275,-71.157535,95.0
15241,42.343185,-71.156055,280.8
15262,42.286304,-71.047871,342.0
15268,42.286073,-71.045633,46.0
15280,42.286338,-71.044626,51.0
15292,42.284821,-71.048471,127.0
15294,42.286186,-71.04836,46.0
15315,42.286948,-71.045291,51.0
15321,42.285439,-71.048045,333.0
15324,42.285434,-71.046853,45.0
15392,42.3337,-71.053519,55.0
15393,42.333489,-71.054236,140.10000000000002
15399,42.335411,-71.052106,304.8
15402,42.336191,-71.05038,182.10000000000002
15403,42.329174,-71.056951,360.9
15404,42.336885,-71.051437,60.0
15406,42.33673,-71.050549,120.0
15408,42.335445,-71.054456,144.89999999999998
15409,42.328909,-71.055713,280.0
15410,42.329402,-71.056274,50.0
15415,42.337238,-71.044771,60.0
15417,42.33386,-71.054134,90.0
15418,42.337394,-71.053944,121.0
15420,42.336576,-71.052682,35.0
15427,42.336041,-71.044279,146.0
15429,42.337646,-71.051006,140.10000000000002
15431,42.336433,-71.052462,159.89999999999998
15433,42.334994,-71.053763,126.0
15434,42.337006,-71.052976,114.0
15435,42.337438,-71.051499,51.0
15436,42.334811,-71.053537,80.0
15438,42.335763,-71.052271,72.0
15439,42.327799,-71.056918,71.0
15440,42.335893,-71.053319,110.0
15441,42.335073,-71.054815,190.0
15442,42.336362,-71.050987,80.1
15446,42.336814,-71.044852,115.0
15448,42.327981,-71.052997,96.0
15450,42.327916,-71.054568,97.0
15453,42.328219,-71.055165,70.0
15454,42.336447,-71.045051,35.0
15457,42.336853,-71.049758,95.0
15459,42.336636,-71.05342,126.0
15460,42.329754,-71.054044,70.0
15463,42.327338,-71.056911,45.0
15464,42.334148,-71.054756,40.0
15469,42.334433,-71.054049,50.0
15470,42.329422,-71.056409,65.0
15496,42.340921,-71.15622,162.89999999999998
15498,42.341823,-71.14794,84.0
15499,42.344243,-71.152213,280.0
15504,42.342565,-71.158299,332.0
15509,42.341824,-71.148003,110.0
15513,42.341732,-71.149089,51.0
15514,42.342257,-71.149762,336.0
15518,42.341918,-71.15728,57.0
15520,42.340692,-71.156896,202.0
15524,42.34054,-71.157824,142.0
15525,42.341239,-71.157958,36.0
15527,42.343441,-71.156591,41.0
15528,42.343885,-71.150675,133.0
15530,42.341166,-71.156975,86.0
15532,42.343431,-71.157359,151.0
15535,42.342516,-71.155585,58.0
15536,42.341364,-71.158437,36.0
15538,42.341267,-71.150342,126.0
15541,42.34271,-71.156441,52.0
15544,42.342084,-71.158594,276.9
15550,42.342963,-71.158051,228.0
15552,42.341216,-71.15911,38.0
15556,42.341591,-71.158899,49.0
15652,42.335792,-71.026122,88.0
15656,42.335277,-71.025045,116.0
15657,42.331011,-71.030827,63.0
15659,42.331766,-71.031166,237.0
15662,42.335786,-71.026817,135.0
15664,42.332948,-71.02914,379.2
15665,42.335803,-71.025625,79.0
15666,42.33748,-71.025859,101.0
15671,42.331957,-71.028782,145.0
15673,42.337157,-71.025094,214.0
15674,42.332393,-71.029611,45.0
15679,42.337238,-71.027221,184.0
15680,42.336654,-71.025653,199.0
15682,42.336107,-71.025065,122.0
15690,42.332349,-71.031961,67.0
15695,42.333205,-71.029775,234.0
15704,42.336338,-71.027191,67.0
15716,42.337472,-71.026374,104.10000000000001
15718,42.332402,-71.028541,126.0
15719,42.331407,-71.031148,82.0
15721,42.332368,-71.03076,82.0
15725,42.336652,-71.025622,100.0
15738,42.332355,-71.031618,122.10000000000001
15755,42.335353,-71.025058,115.0
15758,42.331942,-71.041437,324.0
15767,42.332404,-71.028593,256.8
15768,42.333195,-71.029812,182.10000000000002
15780,42.331457,-71.031176,68.0
15786,42.331348,-71.041828,55.0
15795,42.33171,-71.029367,116.0
15808,42.332391,-71.029564,98.0
15813,42.332615,-71.029151,215.0
15816,42.33244,-71.041316,115.0
15817,42.332368,-71.030761,183.0
15836,42.332175,-71.042286,292.0
15837,42.332354,-71.031618,123.0
15849,42.330525,-71.041197,157.0
15850,42.33233,-71.041456,73.0
15857,42.330905,-71.041419,207.0
15889,42.330498,-71.043078,148.0
15890,42.331699,-71.041991,110.0
15891,42.332598,-71.041933,252.89999999999998
15901,42.331381,-71.040976,129.0
15902,42.332966,-71.043114,140.0
15908,42.331991,-71.041438,260.8
15911,42.332175,-71.042286,228.89999999999998
15924,42.278441,-71.129904,78.0
15931,42.277132,-71.126942,37.0
15933,42.278555,-71.127599,46.0
15935,42.276308,-71.129207,290.0
15939,42.278377,-71.133818,35.099999999999994
15942,42.284777,-71.145829,241.0
15954,42.276952,-71.131712,71.0
15962,42.277474,-71.130938,52.0
15966,42.281466,-71.126829,66.9
15967,42.277581,-71.132662,208.8
15970,42.278553,-71.128608,185.10000000000002
15986,42.278901,-71.133192,43.0
15995,42.278846,-71.12905,114.0
16007,42.277886,-71.13156,119.2
16008,42.277866,-71.128567,63.0
16032,42.284651,-71.146988,101.0
16041,42.277363,-71.128214,62.0
16042,42.28154,-71.126114,112.0
16043,42.280198,-71.127838,57.0
16044,42.285334,-71.146797,104.0
16049,42.277788,-71.126411,75.0
16050,42.276958,-71.126108,198.89999999999998
16067,42.237581,-71.127173,180.0
16068,42.24589,-71.121742,43.0
16074,42.250517,-71.113739,69.0
16079,42.250569,-71.114844,491.0
16081,42.246113,-71.118402,42.0
16083,42.245609,-71.120762,149.0
16084,42.249782,-71.115411,195.0
16088,42.245791,-71.118077,35.0
16091,42.244588,-71.120413,74.0
16094,42.250061,-71.116994,92.0
16097,42.244747,-71.120578,57.0
16102,42.244546,-71.118637,60.0
16107,42.250445,-71.120816,203.0
16110,42.236902,-71.127013,40.0
16111,42.246368,-71.118666,73.0
16113,42.249872,-71.114142,91.0
16115,42.250243,-71.113443,132.0
16117,42.23685,-71.127974,122.0
16118,42.246756,-71.119059,64.0
16119,42.249385,-71.119732,61.0
16132,42.236829,-71.1286,46.0
16147,42.286356,-71.044562,122.0
16158,42.286948,-71.045291,135.0
16175,42.28456,-71.047521,115.0
16190,42.286144,-71.047351,105.0
16193,42.286649,-71.044554,496.0
16194,42.286988,-71.04775,195.0
16201,42.286572,-71.046767,45.0
16203,42.2873,-71.046074,173.0
16218,42.336406,-71.042829,76.0
16220,42.337348,-71.04415,108.0
16231,42.336376,-71.04264,138.0
16245,42.337987,-71.042289,121.0
16249,42.336405,-71.041299,419.2
16255,42.336556,-71.044142,177.0
16258,42.337206,-71.041107,111.0
16260,42.336673,-71.04159,277.2
16268,42.337107,-71.043509,184.2
16269,42.336869,-71.043768,117.0
16273,42.33717,-71.043111,126.0
16276,42.336349,-71.043952,207.0
16294,42.331521,-71.031935,137.10000000000002
16296,42.333195,-71.029812,265.0
16303,42.33235,-71.031881,234.0
16305,42.33289,-71.029165,316.8
16324,42.332404,-71.028593,99.89999999999999
16327,42.33076,-71.031331,77.0
16328,42.331537,-71.030682,94.0
16329,42.332388,-71.029736,150.89999999999998
16332,42.331885,-71.031173,232.0
16341,42.332368,-71.030761,323.1
16343,42.331041,-71.030773,62.0
16352,42.272885,-71.069747,156.0
16358,42.275263,-71.069734,59.0
16361,42.269202,-71.067457,70.0
16362,42.271257,-71.068698,303.8
16377,42.276167,-71.077539,80.0
16379,42.269676,-71.068255,86.0
16381,42.275675,-71.068202,200.0
16382,42.27468,-71.078939,71.0
16389,42.274676,-71.070638,140.0
16391,42.271895,-71.071586,488.7
16399,42.26934,-71.069165,106.0
16400,42.27624,-71.069455,135.89999999999998
16402,42.271916,-71.072121,54.0
16414,42.274438,-71.067475,249.0
16420,42.276282,-71.068646,61.0
16421,42.274775,-71.076301,78.0
16422,42.274057,-71.070067,350.0
16435,42.269429,-71.068144,210.89999999999998
16438,42.275862,-71.070321,64.0
16448,42.275723,-71.07844,84.0
16452,42.270907,-71.067831,101.0
16455,42.275566,-71.067578,229.0
16457,42.272352,-71.070796,114.0
16466,42.272917,-71.07153,58.0
16490,42.281234,-71.127434,49.0
16497,42.281192,-71.126463,92.0
16504,42.27794,-71.128472,164.0
16517,42.27706,-71.131878,113.0
16519,42.276958,-71.126108,236.0
16530,42.277695,-71.127547,93.0
16536,42.278213,-71.133572,437.0
16538,42.280492,-71.127491,52.0
16539,42.277237,-71.130572,313.0
16544,42.2781,-71.128015,116.0
16552,42.27923,-71.132564,75.0
16558,42.280909,-71.125732,429.0
16566,42.278308,-71.132238,131.0
16573,42.277581,-71.132662,145.0
16582,42.277886,-71.13156,143.10000000000002
16592,42.280718,-71.127223,70.0
16606,42.317056,-71.06709,52.0
16632,42.317259,-71.069752,55.0
16641,42.316625,-71.068543,58.0
16671,42.317402,-71.068678,176.0
16702,42.277735,-71.133718,183.0
16718,42.279537,-71.126606,53.0
16719,42.275276,-71.121859,82.0
16721,42.275233,-71.119905,63.0
16725,42.275572,-71.122649,141.0
16733,42.254165,-71.127856,216.0
16742,42.263406,-71.125867,86.0
16745,42.265427,-71.125038,49.0
16746,42.273805,-71.122739,78.0
16755,42.279057,-71.124958,40.0
16761,42.280446,-71.125549,120.89999999999999
16763,42.264771,-71.126308,182.0
16765,42.253437,-71.127445,159.0
16766,42.277959,-71.123968,195.89999999999998
16769,42.27808,-71.121726,108.0
16770,42.263859,-71.126523,49.0
16778,42.277135,-71.121624,309.0
16779,42.280008,-71.123834,99.0
16780,42.264127,-71.125475,126.0
16791,42.276337,-71.124472,74.0
16792,42.263113,-71.127162,111.0
16796,42.278063,-71.123013,73.0
16798,42.280181,-71.12468,53.0
16802,42.265066,-71.127497,145.0
16811,42.275653,-71.122403,75.0
16813,42.281097,-71.124387,168.0
16814,42.253079,-71.128594,58.0
16827,42.260641,-71.124895,69.0
16830,42.278681,-71.126113,122.0
16833,42.263557,-71.124298,77.0
16846,42.345708,-71.150167,39.0
16852,42.34292,-71.149354,253.20000000000002
16854,42.343379,-71.150153,98.0
16873,42.345436,-71.149698,110.0
16876,42.345496,-71.149976,153.0
16877,42.346731,-71.154698,445.0
16880,42.34662,-71.152494,129.0
16882,42.347865,-71.152084,82.0
16884,42.344671,-71.15135,74.0
16885,42.346938,-71.151916,200.0
16895,42.344982,-71.152539,54.0
16896,42.348328,-71.151048,142.0
16897,42.345561,-71.152909,275.2
16906,42.342953,-71.149768,114.0
16915,42.347942,-71.155091,93.0
16916,42.346429,-71.150866,221.0
16918,42.344786,-71.151183,208.0
16928,42.343719,-71.149117,196.8
16929,42.345442,-71.151879,221.10000000000002
16945,42.32946,-71.080582,105.0
16959,42.329251,-71.092208,146.0
16964,42.327751,-71.080712,209.0
16966,42.329194,-71.079048,350.0
16968,42.329171,-71.081368,198.0
16981,42.327655,-71.079048,111.89999999999999
16995,42.329367,-71.079751,266.0
17019,42.329949,-71.081141,104.0
17031,42.350234,-71.178337,119.0
17033,42.351599,-71.165166,220.8
17039,42.350759,-71.177319,83.0
17040,42.352188,-71.167697,48.0
17047,42.35311,-71.167816,155.0
17052,42.349883,-71.175446,46.0
17056,42.350922,-71.176126,66.0
17062,42.349762,-71.176743,137.10000000000002
17072,42.350099,-71.175881,123.2
17076,42.349518,-71.178128,58.0
17083,42.344671,-71.15135,106.0
17086,42.341257,-71.150416,104.0
17087,42.342632,-71.155955,82.0
17090,42.342075,-71.148826,78.0
17092,42.347235,-71.151742,233.0
17094,42.344387,-71.152839,154.0
17097,42.345046,-71.152776,41.0
17098,42.346669,-71.151692,117.0
17100,42.347942,-71.155091,123.2
17106,42.343944,-71.15064,47.0
17110,42.34188,-71.155459,48.0
17114,42.341808,-71.147264,42.0
17115,42.346169,-71.150765,438.0
17116,42.345804,-71.149119,36.0
17119,42.342851,-71.148824,156.89999999999998
17121,42.344363,-71.150329,166.0
17122,42.347884,-71.152136,154.0
17124,42.344821,-71.151952,36.0
17130,42.343598,-71.148136,80.1
17132,42.342852,-71.148026,108.0
17134,42.348712,-71.152806,185.0
17137,42.342145,-71.150499,217.0
17146,42.347765,-71.1514,140.8
17150,42.342931,-71.149586,98.0
17151,42.344651,-71.149701,47.0
17153,42.341825,-71.147842,112.0
17155,42.34182,-71.147605,53.0
17157,42.345561,-71.152909,135.0
17158,42.341825,-71.148518,55.0
17160,42.341804,-71.147174,63.0
17162,42.342868,-71.147136,61.0
17163,42.345708,-71.150167,47.099999999999994
17166,42.34378,-71.149372,37.0
17178,42.335919,-71.040959,94.0
17179,42.335323,-71.050742,158.0
17180,42.331314,-71.0431,50.0
17186,42.33294,-71.049817,239.10000000000002
17191,42.332773,-71.044198,65.0
17193,42.334671,-71.051423,105.0
17196,42.331972,-71.044133,182.0
17201,42.334854,-71.051706,102.89999999999999
17202,42.332589,-71.042338,120.0
17203,42.334369,-71.05194,60.0
17208,42.335778,-71.05414,130.0
17209,42.334344,-71.052956,176.0
17210,42.331328,-71.042671,109.0
17211,42.332946,-71.04925,196.0
17213,42.335443,-71.053624,203.10000000000002
17214,42.331308,-71.043703,56.0
17218,42.332173,-71.04216,156.89999999999998
17219,42.33298,-71.043005,262.0
17220,42.333576,-71.048272,110.0
17222,42.335037,-71.048599,218.0
17224,42.335511,-71.051031,94.0
17227,42.335898,-71.041571,54.0
17229,42.331132,-71.041416,132.0
17233,42.332594,-71.04212,179.2
17234,42.331894,-71.041984,235.2
17236,42.33138,-71.040987,36.900000000000006
17237,42.332504,-71.041458,81.0
17239,42.335214,-71.048881,165.0
17240,42.334921,-71.048417,47.0
17243,42.3355,-71.043146,130.0
17247,42.331564,-71.044119,143.0
17249,42.335424,-71.049411,65.0
17250,42.335522,-71.042163,104.10000000000001
17258,42.33584,-71.041571,173.0
17261,42.335511,-71.042686,111.0
17262,42.334512,-71.047742,141.0
17265,42.333724,-71.052195,146.0
17267,42.334814,-71.049137,71.0
17270,42.334927,-71.049317,71.0
17272,42.331611,-71.043002,95.0
17278,42.3336,-71.052042,482.0
17280,42.335022,-71.052989,86.0
17281,42.332938,-71.049675,211.0
17285,42.335511,-71.050209,56.0
17289,42.334791,-71.052842,99.0
17292,42.306911,-71.059899,80.0
17301,42.306951,-71.061138,136.0
17318,42.307599,-71.060322,95.0
17358,42.306973,-71.059411,114.0
17367,42.305884,-71.059478,45.0
17380,42.30761,-71.059863,76.0
17396,42.307609,-71.059391,132.0
17429,42.305842,-71.1057,288.8
17443,42.305452,-71.107413,192.0
17499,42.346166,-71.073963,338.0
17500,42.342687,-71.073999,338.0
17503,42.346159,-71.072795,378.0
17507,42.343689,-71.073626,384.8
17515,42.343412,-71.074621,184.0
17549,42.330503,-71.042552,43.0
17553,42.330496,-71.043426,270.0
17559,42.331673,-71.031177,58.0
17562,42.332368,-71.030761,108.89999999999999
17571,42.331947,-71.031604,112.0
17577,42.331275,-71.030278,53.0
17602,42.331611,-71.041433,166.0
17603,42.335498,-71.042686,182.0
17614,42.332404,-71.028593,190.0
17623,42.332936,-71.029362,363.0
17624,42.332391,-71.029564,131.0
17628,42.330525,-71.041197,295.0
17630,42.33218,-71.042007,146.0
17636,42.314108,-71.113302,296.8
17644,42.314686,-71.114352,119.0
17645,42.312619,-71.119822,56.0
17648,42.31593,-71.103457,75.0
17649,42.314957,-71.115175,174.0
17653,42.314255,-71.114594,78.0
17656,42.311159,-71.120327,40.0
17666,42.310745,-71.112121,105.0
17669,42.308497,-71.115178,90.0
17673,42.310892,-71.113174,40.0
17687,42.315495,-71.103362,120.0
17693,42.308596,-71.113852,90.0
17695,42.309232,-71.116059,215.0
17710,42.314709,-71.107252,127.0
17715,42.310274,-71.11234,45.0
17717,42.316169,-71.107367,60.0
17723,42.316145,-71.107379,45.0
17732,42.31339,-71.120463,285.0
17736,42.308632,-71.113401,40.0
17843,42.344954,-71.150927,55.0
17845,42.344663,-71.149364,59.0
17846,42.342986,-71.149888,100.0
17847,42.343196,-71.147858,70.0
17849,42.342506,-71.159189,42.0
17850,42.34182,-71.147605,174.89999999999998
17854,42.342155,-71.156309,240.0
17858,42.341824,-71.149141,109.0
17859,42.343446,-71.151009,109.0
17862,42.343944,-71.15064,306.0
17863,42.340568,-71.157574,45.0
17866,42.341588,-71.158902,86.1
17869,42.342799,-71.14869,74.0
17870,42.340778,-71.156479,88.0
17871,42.343185,-71.156055,40.0
17872,42.344366,-71.151457,159.0
17877,42.341265,-71.157278,113.10000000000001
17879,42.342301,-71.147166,178.0
17880,42.344187,-71.149987,42.0
17881,42.344387,-71.152839,130.0
17886,42.342609,-71.15654,40.0
17889,42.343721,-71.148798,77.0
17894,42.342271,-71.149809,298.0
17905,42.250344,-71.118792,138.0
17906,42.249716,-71.120077,81.9
17907,42.235992,-71.126982,88.0
17908,42.245441,-71.119927,43.0
17918,42.250112,-71.115749,46.0
17919,42.244911,-71.121993,49.0
17926,42.245964,-71.120474,47.0
17929,42.237115,-71.126769,127.2
17934,42.250703,-71.113928,62.0
17940,42.236938,-71.128541,207.0
17943,42.236164,-71.128072,57.0
17947,42.244741,-71.12055,176.0
17951,42.249769,-71.115408,49.0
17960,42.249734,-71.118307,106.0
18107,42.238044,-71.128741,167.0
18110,42.245029,-71.120849,46.0
18111,42.250548,-71.120953,125.0
18114,42.245987,-71.120067,86.0
18119,42.236829,-71.127514,69.0
18122,42.237428,-71.12658,366.0
18123,42.244516,-71.11874,179.0
18125,42.250854,-71.121117,86.0
18126,42.237842,-71.127572,66.9
18127,42.246519,-71.121039,184.0
18137,42.246183,-71.122041,45.0
18141,42.244437,-71.119514,96.0
18143,42.238005,-71.127344,111.0
18147,42.244981,-71.121871,66.0
18149,42.237751,-71.126919,56.0
18160,42.250437,-71.121669,62.0
18164,42.236822,-71.12859,94.0
18174,42.332969,-71.042902,98.0
18182,42.331352,-71.041755,161.0
18183,42.335509,-71.042072,86.0
18184,42.331659,-71.041989,293.0
18194,42.335498,-71.042853,54.0
18196,42.330496,-71.043426,470.7
18198,42.330914,-71.041419,145.0
18213,42.330703,-71.032059,90.0
18216,42.331521,-71.031961,153.0
18245,42.332175,-71.042286,92.0
18260,42.331991,-71.041438,63.0
18266,42.330499,-71.042922,64.0
18271,42.293492,-71.064954,92.0
18272,42.297751,-71.063735,39.0
18273,42.295217,-71.060744,280.79999999999995
18275,42.296219,-71.062552,52.0
18277,42.295377,-71.0625,45.0
18278,42.294665,-71.06331,39.0
18281,42.29456,-71.063924,126.0
18286,42.301773,-71.058685,63.0
18287,42.295017,-71.06317,61.0
18289,42.294159,-71.061944,265.0
18295,42.301622,-71.058136,59.0
18298,42.297093,-71.064982,102.0
18310,42.30256,-71.05956,204.0
18313,42.293349,-71.06138,81.0
18317,42.302871,-71.059493,107.0
18323,42.293262,-71.063506,213.0
18328,42.293122,-71.060437,164.10000000000002
18331,42.301414,-71.05792,156.0
18342,42.294379,-71.064757,66.0
18343,42.293991,-71.060753,51.0
18350,42.294597,-71.061815,88.0
18354,42.302731,-71.061388,49.0
18368,42.293305,-71.059705,170.10000000000002
18369,42.300773,-71.058324,149.0
18373,42.302466,-71.057509,52.0
18374,42.292931,-71.067129,42.0
18379,42.30304,-71.058605,94.0
18382,42.294714,-71.062801,61.0
18538,42.349006,-71.176179,56.0
18547,42.293182,-71.06561,36.0
18562,42.29445,-71.061008,49.0
18564,42.297013,-71.06396,77.0
18575,42.293401,-71.062166,131.0
18578,42.295456,-71.063706,192.89999999999998
18579,42.293684,-71.065008,66.0
18581,42.29732,-71.065268,48.0
18588,42.302075,-71.060397,117.0
18593,42.29327,-71.063474,93.0
18599,42.295205,-71.06468,78.0
18618,42.30256,-71.05956,241.2
18621,42.301904,-71.061027,81.0
18636,42.29467,-71.062515,55.0
18637,42.292931,-71.067129,77.0
18640,42.293991,-71.060753,64.0
18643,42.297824,-71.063478,41.0
18648,42.292714,-71.063301,134.0
18650,42.294537,-71.067292,84.0
18653,42.295498,-71.062468,52.0
18657,42.293076,-71.060641,192.0
18658,42.297384,-71.065018,54.0
18660,42.302434,-71.061239,507.59999999999997
18669,42.296596,-71.064754,44.0
18685,42.308523,-71.114912,150.0
18689,42.312624,-71.119828,40.0
18701,42.308601,-71.11389,332.0
18706,42.309375,-71.112362,51.0
18710,42.314824,-71.114786,79.0
18714,42.314604,-71.114096,215.0
18715,42.311947,-71.11934,95.0
18722,42.309251,-71.115982,155.0
18729,42.310001,-71.113752,444.0
18736,42.310895,-71.11461,146.0
18742,42.310894,-71.11315,64.0
18746,42.312006,-71.121366,113.0
18748,42.308852,-71.115581,192.0
18754,42.314576,-71.116095,89.0
18762,42.314295,-71.114826,183.0
18773,42.309999,-71.112662,60.0
18785,42.307127,-71.061249,282.0
18786,42.306364,-71.06025,145.0
18817,42.307548,-71.060782,71.0
18818,42.307492,-71.060191,67.0
18845,42.306543,-71.059489,172.0
18859,42.308395,-71.060052,125.0
18864,42.306858,-71.06014,61.0
18866,42.306965,-71.059383,38.0
18899,42.361751,-71.14098,36.0
18900,42.35504,-71.147953,115.0
18903,42.360348,-71.1434,104.0
18905,42.360765,-71.14375,86.0
18912,42.355277,-71.145679,103.0
18915,42.3555,-71.146543,191.0
18917,42.360098,-71.141828,70.0
18936,42.362111,-71.14236,78.0
18937,42.354931,-71.149376,117.0
18939,42.361089,-71.140205,229.20000000000002
18944,42.356672,-71.151144,70.0
18951,42.359765,-71.140923,232.79999999999998
18955,42.361085,-71.141343,41.0
18958,42.361291,-71.143348,37.0
18960,42.354232,-71.146658,60.0
18966,42.35426,-71.145655,108.89999999999999
18969,42.355164,-71.145228,87.0
18970,42.360404,-71.140111,117.0
18971,42.360656,-71.14167,85.0
18974,42.361456,-71.142722,66.0
18977,42.360698,-71.142413,67.0
18978,42.354232,-71.151824,63.900000000000006
18983,42.360493,-71.140418,277.0
18991,42.361849,-71.139794,128.0
18993,42.3545,-71.149568,358.0
18994,42.355632,-71.147065,303.9
19006,42.278068,-71.12299,52.0
19013,42.262742,-71.126955,109.0
19018,42.277698,-71.124448,158.10000000000002
19021,42.277285,-71.121626,209.0
19024,42.263982,-71.127155,307.0
19025,42.279935,-71.12392,126.0
19050,42.280574,-71.124012,79.0
19073,42.265076,-71.127531,75.0
19080,42.280324,-71.125707,100.0
19094,42.274861,-71.122448,72.0
19105,42.278706,-71.126153,84.9
19113,42.276368,-71.132597,130.0
19117,42.27543,-71.123087,85.0
19123,42.265653,-71.125854,90.0
19130,42.274965,-71.122122,65.1
19131,42.277599,-71.13391,95.0
19132,42.264134,-71.125462,70.0
19137,42.293024,-71.060883,97.0
19138,42.293078,-71.060632,253.79999999999998
19142,42.292718,-71.067055,51.0
19143,42.292923,-71.064761,65.0
19149,42.295966,-71.061814,142.0
19157,42.296469,-71.062997,75.9
19167,42.294456,-71.067597,55.0
19168,42.296078,-71.065586,46.0
19172,42.293333,-71.064905,40.0
19178,42.302217,-71.060182,41.0
19185,42.29454,-71.061034,54.0
19188,42.301938,-71.057136,95.0
19195,42.293448,-71.062155,77.0
19200,42.295064,-71.062579,87.0
19201,42.297032,-71.063898,111.0
19202,42.296148,-71.064546,47.0
19209,42.293684,-71.065008,168.89999999999998
19210,42.294687,-71.066712,75.0
19212,42.293991,-71.060753,120.0
19222,42.293826,-71.06136,66.0
19229,42.292928,-71.065577,47.0
19234,42.29447,-71.061851,93.0
19241,42.295418,-71.063843,47.0
19242,42.29466,-71.063334,46.0
19243,42.302731,-71.061388,100.0
19252,42.294714,-71.062801,65.1
19255,42.295597,-71.065992,47.0
19260,42.302836,-71.058488,167.10000000000002
19262,42.292846,-71.062842,163.2
19368,42.278785,-71.132071,134.0
19369,42.280909,-71.125732,171.89999999999998
19374,42.278308,-71.132238,101.10000000000001
19378,42.286012,-71.146041,155.0
19381,42.278694,-71.134282,91.0
19389,42.276966,-71.13017,48.0
19392,42.277979,-71.129464,98.0
19393,42.276958,-71.126108,107.0
19395,42.276646,-71.129689,65.0
19409,42.281695,-71.125838,44.0
19416,42.285456,-71.148269,138.0
19430,42.277464,-71.130918,69.0
19431,42.278704,-71.12883,56.0
19438,42.276046,-71.128611,90.0
19444,42.28528,-71.146711,117.0
19445,42.279783,-71.127539,52.0
19446,42.28684,-71.147699,153.0
19451,42.27794,-71.128472,64.0
19457,42.285914,-71.148586,147.0
19458,42.286013,-71.146016,149.0
19470,42.277574,-71.132653,109.0
19474,42.285324,-71.147299,130.0
19478,42.278402,-71.128406,73.0
19482,42.277237,-71.130572,68.0
19483,42.277886,-71.13156,58.0
19485,42.342489,-71.156627,47.0
19494,42.343481,-71.15012,206.0
19499,42.3413,-71.150961,53.0
19503,42.342182,-71.150369,455.69999999999993
19505,42.342301,-71.147166,117.0
19508,42.342745,-71.148446,418.20000000000005
19509,42.344187,-71.149987,44.0
19510,42.344363,-71.150329,135.0
19511,42.344924,-71.150757,235.0
19514,42.342895,-71.147088,36.0
19516,42.344382,-71.152814,65.0
19518,42.341661,-71.156417,93.0
19520,42.343096,-71.150084,90.0
19523,42.344492,-71.151372,54.0
19526,42.342218,-71.150223,117.0
19527,42.344641,-71.150117,65.0
19529,42.341484,-71.149957,39.0
19531,42.343232,-71.150979,184.0
19532,42.34182,-71.147605,45.0
19533,42.343763,-71.148624,309.0
19545,42.310231,-71.069066,257.0
19549,42.308975,-71.07074,72.0
19570,42.317853,-71.069487,53.0
19573,42.31878,-71.066721,75.0
19579,42.317901,-71.068276,132.0
19591,42.316672,-71.067456,35.0
19613,42.308729,-71.069419,35.0
19616,42.310846,-71.070928,89.0
19625,42.317192,-71.06802,107.10000000000001
19639,42.286594,-71.14981,177.0
19726,42.274678,-71.070652,100.0
19727,42.273019,-71.069807,150.0
19739,42.275953,-71.067062,70.0
19741,42.273119,-71.070511,70.0
19742,42.273684,-71.078079,105.0
19745,42.274844,-71.078036,100.0
19753,42.276348,-71.068274,115.0
19756,42.26934,-71.069165,143.10000000000002
19759,42.272194,-71.072178,90.0
19761,42.27533,-71.07081,35.0
19774,42.269102,-71.070292,85.0
19776,42.27475,-71.068872,105.0
19777,42.270171,-71.070353,95.1
19786,42.26844,-71.07017,70.0
19787,42.274626,-71.077074,50.0
19789,42.27371,-71.071786,60.0
19791,42.275603,-71.069641,45.0
19793,42.27512,-71.078147,60.0
19799,42.274881,-71.075805,54.900000000000006
19800,42.271849,-71.072169,378.9
19802,42.275487,-71.079446,40.0
19803,42.274593,-71.078909,55.0
19806,42.272926,-71.072405,135.0
19810,42.274219,-71.079614,60.0
19813,42.270907,-71.067831,121.0
19815,42.273368,-71.07747,135.0
19822,42.275438,-71.077368,95.0
19833,42.273964,-71.076669,75.0
19834,42.276386,-71.069414,60.0
19838,42.275675,-71.068202,65.0
19840,42.272236,-71.071314,236.10000000000002
19843,42.275743,-71.068818,85.0
19848,42.268579,-71.068719,495.0
19855,42.286939,-71.045297,47.0
19875,42.286317,-71.047809,94.0
19878,42.286193,-71.047372,35.0
19901,42.284713,-71.047565,138.0
19921,42.286585,-71.046694,81.0
19924,42.327873,-71.095549,107.0
19928,42.328161,-71.092329,192.0
19944,42.315495,-71.103362,115.0
19948,42.329224,-71.092207,165.0
19967,42.329789,-71.095,422.0
19973,42.328337,-71.094598,82.0
19998,42.315439,-71.104204,70.0
20005,42.316272,-71.103435,274.0
20020,42.328425,-71.092285,152.0
20025,42.315222,-71.103631,131.2
20285,42.332966,-71.043114,203.0
20296,42.332185,-71.041816,375.0
20301,42.332195,-71.040961,135.0
20312,42.33177,-71.041996,77.0
20316,42.33244,-71.041316,90.0
20329,42.331595,-71.041433,216.0
20338,42.331991,-71.041438,172.0
20353,42.237788,-71.12683,53.0
20356,42.23613,-71.127852,224.0
20358,42.236292,-71.127189,45.0
20361,42.236845,-71.127944,47.0
20368,42.236937,-71.128286,130.0
20370,42.236834,-71.126961,51.900000000000006
